Workbook

Sheet Исходные данные
A1: № пп | B1: y | C1: x1 | D1: x2 | E1: x3 | F1: x4 | G1: y12 | H1: y14 | I1: y23 | J1: y24 | K1: y34
A2: 1 | B2: 0.904 | C2: 75.5 | D2: 25.2 | E2: 3343 | F2: 77 | G2: ='Уравнения регрессии 1 ряд'!J5 -> -0.50184039 | H2: ='Уравнения регрессии 1 ряд'!J41 -> 0.19065838 | I2: ='Уравнения регрессии 1 ряд'!J59 -> 1.5763812 | J2: ='Уравнения регрессии 1 ряд'!J77 -> 0.95524398 | K2: ='Уравнения регрессии 1 ряд'!J95 -> 0.90746343
A3: 2 | B3: 0.922 | C3: 78.5 | D3: 21.8 | E3: 3001 | F3: 78.2 | G3: ='Уравнения регрессии 1 ряд'!J6 -> -0.49662111 | H3: ='Уравнения регрессии 1 ряд'!J42 -> 0.20012849 | I3: ='Уравнения регрессии 1 ряд'!J60 -> 1.5217824 | J3: ='Уравнения регрессии 1 ряд'!J78 -> 0.97585181 | K3: ='Уравнения регрессии 1 ряд'!J96 -> 0.93243739
A4: 3 | B4: 0.763 | C4: 78.4 | D4: 25.7 | E4: 3101 | F4: 68 | G4: ='Уравнения регрессии 1 ряд'!J7 -> -0.53132691 | H4: ='Уравнения регрессии 1 ряд'!J43 -> 0.0020668794 | I4: ='Уравнения регрессии 1 ряд'!J61 -> 1.5836156 | J4: ='Уравнения регрессии 1 ряд'!J79 -> 0.77191977 | K4: ='Уравнения регрессии 1 ряд'!J97 -> 0.71886291
A5: 4 | B5: 0.923 | C5: 77.7 | D5: 17.8 | E5: 3543 | F5: 77.2 | G5: ='Уравнения регрессии 1 ряд'!J8 -> -0.45326745 | H5: ='Уравнения регрессии 1 ряд'!J44 -> 0.18436816 | I5: ='Уравнения регрессии 1 ряд'!J62 -> 1.4601168 | J5: ='Уравнения регрессии 1 ряд'!J80 -> 0.95081605 | K5: ='Уравнения регрессии 1 ряд'!J98 -> 0.9117444
A6: 5 | B6: 0.918 | C6: 84.4 | D6: 15.9 | E6: 3237 | F6: 77.2 | G6: ='Уравнения регрессии 1 ряд'!J9 -> -0.49353039 | H6: ='Уравнения регрессии 1 ряд'!J45 -> 0.15335674 | I6: ='Уравнения регрессии 1 ряд'!J63 -> 1.4292932 | J6: ='Уравнения регрессии 1 ряд'!J81 -> 0.94862988 | K6: ='Уравнения регрессии 1 ряд'!J99 -> 0.91160314
A7: 6 | B7: 0.906 | C7: 75.9 | D7: 22.4 | E7: 3330 | F7: 77.2 | G7: ='Уравнения регрессии 1 ряд'!J10 -> -0.47974448 | H7: ='Уравнения регрессии 1 ряд'!J46 -> 0.19269959 | I7: ='Уравнения регрессии 1 ряд'!J64 -> 1.5321481 | J7: ='Уравнения регрессии 1 ряд'!J82 -> 0.9561089 | K7: ='Уравнения регрессии 1 ряд'!J100 -> 0.91164607
A8: 7 | B8: 0.905 | C8: 76 | D8: 20.6 | E8: 3808 | F8: 75.7 | G8: ='Уравнения регрессии 1 ряд'!J11 -> -0.46418924 | H8: ='Уравнения регрессии 1 ряд'!J47 -> 0.16304195 | I8: ='Уравнения регрессии 1 ряд'!J65 -> 1.5050352 | J8: ='Уравнения регрессии 1 ряд'!J83 -> 0.92338787 | K8: ='Уравнения регрессии 1 ряд'!J101 -> 0.88045194
A9: 8 | B9: 0.545 | C9: 67.5 | D9: 25.2 | E9: 2415 | F9: 62.6 | G9: ='Уравнения регрессии 1 ряд'!J12 -> -0.43307662 | H9: ='Уравнения регрессии 1 ряд'!J48 -> -0.052582892 | I9: ='Уравнения регрессии 1 ряд'!J66 -> 1.5738575 | J9: ='Уравнения регрессии 1 ряд'!J84 -> 0.66100475 | K9: ='Уравнения регрессии 1 ряд'!J102 -> 0.60545294
A10: 9 | B10: 0.894 | C10: 78.2 | D10: 20.7 | E10: 3295 | F10: 78 | G10: ='Уравнения регрессии 1 ряд'!J13 -> -0.48401121 | H10: ='Уравнения регрессии 1 ряд'!J49 -> 0.19762442 | I10: ='Уравнения регрессии 1 ряд'!J67 -> 1.5052186 | J10: ='Уравнения регрессии 1 ряд'!J85 -> 0.97049947 | K10: ='Уравнения регрессии 1 ряд'!J103 -> 0.92838447
A11: 10 | B11: 0.9 | C11: 78.1 | D11: 17.5 | E11: 3504 | F11: 78.2 | G11: ='Уравнения регрессии 1 ряд'!J14 -> -0.45396984 | H11: ='Уравнения регрессии 1 ряд'!J50 -> 0.20197991 | I11: ='Уравнения регрессии 1 ряд'!J68 -> 1.4552752 | J11: ='Уравнения регрессии 1 ряд'!J86 -> 0.97090415 | K11: ='Уравнения регрессии 1 ряд'!J104 -> 0.9326696
A12: 11 | B12: 0.932 | C12: 78.6 | D12: 19.7 | E12: 30565 | F12: 79 | G12: ='Уравнения регрессии 1 ряд'!J15 -> -0.47833008 | H12: ='Уравнения регрессии 1 ряд'!J51 -> 0.21523617 | I12: ='Уравнения регрессии 1 ряд'!J69 -> 1.5635964 | J12: ='Уравнения регрессии 1 ряд'!J87 -> 0.98978213 | K12: ='Уравнения регрессии 1 ряд'!J105 -> 0.96191687
A13: 12 | B13: 0.74 | C13: 84 | D13: 18.5 | E13: 3007 | F13: 67.6 | G13: ='Уравнения регрессии 1 ряд'!J16 -> -0.51380244 | H13: ='Уравнения регрессии 1 ряд'!J52 -> -0.031638387 | I13: ='Уравнения регрессии 1 ряд'!J70 -> 1.4697085 | J13: ='Уравнения регрессии 1 ряд'!J88 -> 0.755462 | K13: ='Уравнения регрессии 1 ряд'!J106 -> 0.71044224
A14: 13 | B14: 0.701 | C14: 59.2 | D14: 54.4 | E14: 2844 | F14: 69.8
A15: 14 | B15: 0.744 | C15: 90.2 | D15: 23 | E15: 2861 | F15: 68.4
A16: 15 | B16: 0.921 | C16: 72.8 | D16: 20.2 | E16: 3259 | F16: 77.9
A17: 16 | B17: 0.927 | C17: 67.7 | D17: 25.2 | E17: 3350 | F17: 78.1
A18: 17 | B18: 0.802 | C18: 82.6 | D18: 22.4 | E18: 3344 | F18: 72.5
A19: 18 | B19: 0.747 | C19: 74.4 | D19: 22.7 | E19: 2704 | F19: 66.6
A20: 19 | B20: 0.927 | C20: 83.3 | D20: 18.1 | E20: 3642 | F20: 76.7
A21: 20 | B21: 0.721 | C21: 83.7 | D21: 20.1 | E21: 2753 | F21: 68.8
A22: 21 | B22: 0.913 | C22: 73.8 | D22: 17.3 | E22: 2916 | F22: 76.8
A23: 22 | B23: 0.918 | C23: 79.2 | D23: 16.8 | E23: 3551 | F23: 78.1
A24: 23 | B24: 0.833 | C24: 71.5 | D24: 29.9 | E24: 3177 | F24: 73.9
A25: 24 | B25: 0.914 | C25: 75.3 | D25: 20.3 | E25: 3280 | F25: 78.6
A26: 25 | B26: 0.923 | C26: 79 | D26: 14.1 | E26: 3160 | F26: 78.5

Sheet Уравнения регрессии 1 ряд
A1: 1
B2: Исходные данные | E2: Вспомогательные расчеты | M2: dk0 | N2: =C17 -> 932.8 | O2: =D17 -> 251 | P2: =B17 -> 10.252 | Q2: =(N2*O3*P4+O2*N4*P3+N3*O4*P2)-(P2*O3*N4+O2*N3*P4+P3*O4*N2) -> 58862.926 | S2: min | T2: =P106 -> 0.00087866196
E3: Расчет параметров | J3: Расчет ошибки(s) | N3: =E17 -> 72711.58 | O3: =G17 -> 19408.47 | P3: =H17 -> 799.5934
B4: y | C4: x1 | D4: x2 | E4: x12 | F4: x22 | G4: x1*x2 | H4: y*x1 | I4: y*x2 | J4: y12=k0+k1*x1+k2*x2 | K4: (y - y12)2 | N4: =G17 -> 19408.47 | O4: =F17 -> 5366.66 | P4: =I17 -> 212.4927
B5: ='Исходные данные'!B2 -> 0.904 | C5: ='Исходные данные'!C2 -> 75.5 | D5: ='Исходные данные'!D2 -> 25.2 | E5: =C5*C5 -> 5700.25 | F5: =D5*D5 -> 635.04 | G5: =C5*D5 -> 1902.6 | H5: =B5*C5 -> 68.252 | I5: =B5*D5 -> 22.7808 | J5: =$M$16+$N$16*C5+$O$16*D5 -> -0.50184039 | K5: =(B5-J5)*(B5-J5) -> 1.9763872 | M5: dk1 | N5: =COUNT(B5:B16) -> 12 | O5: =D17 -> 251 | P5: =B17 -> 10.252 | Q5: =(N5*O6*P7+O5*N7*P6+N6*O7*P5)-(P5*O6*N7+O5*N6*P7+P6*O7*N5) -> -1342.3232
B6: ='Исходные данные'!B3 -> 0.922 | C6: ='Исходные данные'!C3 -> 78.5 | D6: ='Исходные данные'!D3 -> 21.8 | E6: =C6*C6 -> 6162.25 | F6: =D6*D6 -> 475.24 | G6: =C6*D6 -> 1711.3 | H6: =B6*C6 -> 72.377 | I6: =B6*D6 -> 20.0996 | J6: =$M$16+$N$16*C6+$O$16*D6 -> -0.49662111 | K6: =(B6-J6)*(B6-J6) -> 2.0124858 | N6: =C17 -> 932.8 | O6: =G17 -> 19408.47 | P6: =H17 -> 799.5934
B7: ='Исходные данные'!B4 -> 0.763 | C7: ='Исходные данные'!C4 -> 78.4 | D7: ='Исходные данные'!D4 -> 25.7 | E7: =C7*C7 -> 6146.56 | F7: =D7*D7 -> 660.49 | G7: =C7*D7 -> 2014.88 | H7: =B7*C7 -> 59.8192 | I7: =B7*D7 -> 19.6091 | J7: =$M$16+$N$16*C7+$O$16*D7 -> -0.53132691 | K7: =(B7-J7)*(B7-J7) -> 1.6752822 | N7: =D17 -> 251 | O7: =F17 -> 5366.66 | P7: =I17 -> 212.4927
B8: ='Исходные данные'!B5 -> 0.923 | C8: ='Исходные данные'!C5 -> 77.7 | D8: ='Исходные данные'!D5 -> 17.8 | E8: =C8*C8 -> 6037.29 | F8: =D8*D8 -> 316.84 | G8: =C8*D8 -> 1383.06 | H8: =B8*C8 -> 71.7171 | I8: =B8*D8 -> 16.4294 | J8: =$M$16+$N$16*C8+$O$16*D8 -> -0.45326745 | K8: =(B8-J8)*(B8-J8) -> 1.8941121 | M8: dk2 | N8: =COUNT(B5:B16) -> 12 | O8: =C17 -> 932.8 | P8: =B17 -> 10.252 | Q8: =(N8*O9*P10+O8*N10*P9+N9*O10*P8)-(P8*O9*N10+O8*N9*P10+P9*O10*N8) -> -1424.131
B9: ='Исходные данные'!B6 -> 0.918 | C9: ='Исходные данные'!C6 -> 84.4 | D9: ='Исходные данные'!D6 -> 15.9 | E9: =C9*C9 -> 7123.36 | F9: =D9*D9 -> 252.81 | G9: =C9*D9 -> 1341.96 | H9: =B9*C9 -> 77.4792 | I9: =B9*D9 -> 14.5962 | J9: =$M$16+$N$16*C9+$O$16*D9 -> -0.49353039 | K9: =(B9-J9)*(B9-J9) -> 1.992418 | N9: =C17 -> 932.8 | O9: =E17 -> 72711.58 | P9: =H17 -> 799.5934
B10: ='Исходные данные'!B7 -> 0.906 | C10: ='Исходные данные'!C7 -> 75.9 | D10: ='Исходные данные'!D7 -> 22.4 | E10: =C10*C10 -> 5760.81 | F10: =D10*D10 -> 501.76 | G10: =C10*D10 -> 1700.16 | H10: =B10*C10 -> 68.7654 | I10: =B10*D10 -> 20.2944 | J10: =$M$16+$N$16*C10+$O$16*D10 -> -0.47974448 | K10: =(B10-J10)*(B10-J10) -> 1.9202878 | N10: =D17 -> 251 | O10: =G17 -> 19408.47 | P10: =I17 -> 212.4927
B11: ='Исходные данные'!B8 -> 0.905 | C11: ='Исходные данные'!C8 -> 76 | D11: ='Исходные данные'!D8 -> 20.6 | E11: =C11*C11 -> 5776 | F11: =D11*D11 -> 424.36 | G11: =C11*D11 -> 1565.6 | H11: =B11*C11 -> 68.78 | I11: =B11*D11 -> 18.643 | J11: =$M$16+$N$16*C11+$O$16*D11 -> -0.46418924 | K11: =(B11-J11)*(B11-J11) -> 1.8746792 | M11: d | N11: =COUNT(B5:B16) -> 12 | O11: =C17 -> 932.8 | P11: =D17 -> 251 | Q11: =(N11*O12*P13+O11*N13*P12+N12*O13*P11)-(P11*O12*N13+O11*N12*P13+P12*O13*N11) -> 156166.34
B12: ='Исходные данные'!B9 -> 0.545 | C12: ='Исходные данные'!C9 -> 67.5 | D12: ='Исходные данные'!D9 -> 25.2 | E12: =C12*C12 -> 4556.25 | F12: =D12*D12 -> 635.04 | G12: =C12*D12 -> 1701 | H12: =B12*C12 -> 36.7875 | I12: =B12*D12 -> 13.734 | J12: =$M$16+$N$16*C12+$O$16*D12 -> -0.43307662 | K12: =(B12-J12)*(B12-J12) -> 0.95663387 | N12: =C17 -> 932.8 | O12: =E17 -> 72711.58 | P12: =G17 -> 19408.47
B13: ='Исходные данные'!B10 -> 0.894 | C13: ='Исходные данные'!C10 -> 78.2 | D13: ='Исходные данные'!D10 -> 20.7 | E13: =C13*C13 -> 6115.24 | F13: =D13*D13 -> 428.49 | G13: =C13*D13 -> 1618.74 | H13: =B13*C13 -> 69.9108 | I13: =B13*D13 -> 18.5058 | J13: =$M$16+$N$16*C13+$O$16*D13 -> -0.48401121 | K13: =(B13-J13)*(B13-J13) -> 1.8989149 | N13: =D17 -> 251 | O13: =G17 -> 19408.47 | P13: =F17 -> 5366.66
B14: ='Исходные данные'!B11 -> 0.9 | C14: ='Исходные данные'!C11 -> 78.1 | D14: ='Исходные данные'!D11 -> 17.5 | E14: =C14*C14 -> 6099.61 | F14: =D14*D14 -> 306.25 | G14: =C14*D14 -> 1366.75 | H14: =B14*C14 -> 70.29 | I14: =B14*D14 -> 15.75 | J14: =$M$16+$N$16*C14+$O$16*D14 -> -0.45396984 | K14: =(B14-J14)*(B14-J14) -> 1.8332343
B15: ='Исходные данные'!B12 -> 0.932 | C15: ='Исходные данные'!C12 -> 78.6 | D15: ='Исходные данные'!D12 -> 19.7 | E15: =C15*C15 -> 6177.96 | F15: =D15*D15 -> 388.09 | G15: =C15*D15 -> 1548.42 | H15: =B15*C15 -> 73.2552 | I15: =B15*D15 -> 18.3604 | J15: =$M$16+$N$16*C15+$O$16*D15 -> -0.47833008 | K15: =(B15-J15)*(B15-J15) -> 1.9890309 | M15: k0 | N15: k1 | O15: k2 | P15: o12
B16: ='Исходные данные'!B13 -> 0.74 | C16: ='Исходные данные'!C13 -> 84 | D16: ='Исходные данные'!D13 -> 18.5 | E16: =C16*C16 -> 7056 | F16: =D16*D16 -> 342.25 | G16: =C16*D16 -> 1554 | H16: =B16*C16 -> 62.16 | I16: =B16*D16 -> 13.69 | J16: =$M$16+$N$16*C16+$O$16*D16 -> -0.51380244 | K16: =(B16-J16)*(B16-J16) -> 1.5720206 | M16: =Q2/Q11 -> 0.37692454 | N16: =Q5/Q11 -> -0.0085954707 | O16: =Q8/Q11 -> -0.0091193208 | P16: =K17/COUNT(B5:B16) -> 1.7996239
A17: S | B17: =SUM(B5:B16) -> 10.252 | C17: =SUM(C5:C16) -> 932.8 | D17: =SUM(D5:D16) -> 251 | E17: =SUM(E5:E16) -> 72711.58 | F17: =SUM(F5:F16) -> 5366.66 | G17: =SUM(G5:G16) -> 19408.47 | H17: =SUM(H5:H16) -> 799.5934 | I17: =SUM(I5:I16) -> 212.4927 | ... K17: =SUM(K5:K16) -> 21.595487
A19: 2
B20: Исходные данные | E20: Вспомогательные расчеты | M20: dk0 | N20: =C35 -> 932.8 | O20: =D35 -> 66149 | P20: =B35 -> 10.252 | Q20: =(N20*O21*P22+O20*N22*P21+N21*O22*P20)-(P20*O21*N22+O20*N21*P22+P21*O22*N20) -> -2.5865203e+11
E21: Расчет параметров | J21: Расчет ошибки(s) | N21: =E35 -> 72711.58 | O21: =G35 -> 5171083.2 | P21: =H35 -> 799.5934
B22: y | C22: x1 | D22: x3 | E22: x12 | F22: x32 | G22: x1*x3 | H22: y*x1 | I22: y*x3 | J22: y13=k0+k1*x1+k2*x3 | K22: (y - y13)2 | N22: =G35 -> 5171083.2 | O22: =F35 -> 1050647173 | P22: =I35 -> 58987.297
B23: ='Исходные данные'!B2 -> 0.904 | C23: ='Исходные данные'!C2 -> 75.5 | D23: ='Исходные данные'!E2 -> 3343 | E23: =C23*C23 -> 5700.25 | F23: =D23*D23 -> 11175649 | G23: =C23*D23 -> 252396.5 | H23: =B23*C23 -> 68.252 | I23: =B23*D23 -> 3022.072 | J23: =$M$34+$N$34*C23+$O$34*D23 -> -1.1117591 | K23: =(B23-J23)*(B23-J23) -> 4.0632849 | M23: dk1 | N23: =COUNT(B23:B34) -> 12 | O23: =D35 -> 66149 | P23: =B35 -> 10.252 | Q23: =(N23*O24*P25+O23*N25*P24+N24*O25*P23)-(P23*O24*N25+O23*N24*P25+P24*O25*N23) -> -2.1126121e+10
B24: ='Исходные данные'!B3 -> 0.922 | C24: ='Исходные данные'!C3 -> 78.5 | D24: ='Исходные данные'!E3 -> 3001 | E24: =C24*C24 -> 6162.25 | F24: =D24*D24 -> 9006001 | G24: =C24*D24 -> 235578.5 | H24: =B24*C24 -> 72.377 | I24: =B24*D24 -> 2766.922 | J24: =$M$34+$N$34*C24+$O$34*D24 -> -1.151169 | K24: =(B24-J24)*(B24-J24) -> 4.2980296 | N24: =C35 -> 932.8 | O24: =G35 -> 5171083.2 | P24: =H35 -> 799.5934
B25: ='Исходные данные'!B4 -> 0.763 | C25: ='Исходные данные'!C4 -> 78.4 | D25: ='Исходные данные'!E4 -> 3101 | E25: =C25*C25 -> 6146.56 | F25: =D25*D25 -> 9616201 | G25: =C25*D25 -> 243118.4 | H25: =B25*C25 -> 59.8192 | I25: =B25*D25 -> 2366.063 | J25: =$M$34+$N$34*C25+$O$34*D25 -> -1.1495839 | K25: =(B25-J25)*(B25-J25) -> 3.657977 | N25: =D35 -> 66149 | O25: =F35 -> 1050647173 | P25: =I35 -> 58987.297
B26: ='Исходные данные'!B5 -> 0.923 | C26: ='Исходные данные'!C5 -> 77.7 | D26: ='Исходные данные'!E5 -> 3543 | E26: =C26*C26 -> 6037.29 | F26: =D26*D26 -> 12552849 | G26: =C26*D26 -> 275291.1 | H26: =B26*C26 -> 71.7171 | I26: =B26*D26 -> 3270.189 | J26: =$M$34+$N$34*C26+$O$34*D26 -> -1.1392785 | K26: =(B26-J26)*(B26-J26) -> 4.2529925 | M26: dk2 | N26: =COUNT(B23:B34) -> 12 | O26: =C35 -> 932.8 | P26: =B35 -> 10.252 | Q26: =(N26*O27*P28+O26*N28*P27+N27*O28*P26)-(P26*O27*N28+O26*N27*P28+P27*O28*N26) -> 5061965.9
B27: ='Исходные данные'!B6 -> 0.918 | C27: ='Исходные данные'!C6 -> 84.4 | D27: ='Исходные данные'!E6 -> 3237 | E27: =C27*C27 -> 7123.36 | F27: =D27*D27 -> 10478169 | G27: =C27*D27 -> 273202.8 | H27: =B27*C27 -> 77.4792 | I27: =B27*D27 -> 2971.566 | J27: =$M$34+$N$34*C27+$O$34*D27 -> -1.2258912 | K27: =(B27-J27)*(B27-J27) -> 4.5962693 | N27: =C35 -> 932.8 | O27: =E35 -> 72711.58 | P27: =H35 -> 799.5934
B28: ='Исходные данные'!B7 -> 0.906 | C28: ='Исходные данные'!C7 -> 75.9 | D28: ='Исходные данные'!E7 -> 3330 | E28: =C28*C28 -> 5760.81 | F28: =D28*D28 -> 11088900 | G28: =C28*D28 -> 252747 | H28: =B28*C28 -> 68.7654 | I28: =B28*D28 -> 3016.98 | J28: =$M$34+$N$34*C28+$O$34*D28 -> -1.1169139 | K28: =(B28-J28)*(B28-J28) -> 4.0921806 | N28: =D35 -> 66149 | O28: =G35 -> 5171083.2 | P28: =I35 -> 58987.297
B29: ='Исходные данные'!B8 -> 0.905 | C29: ='Исходные данные'!C8 -> 76 | D29: ='Исходные данные'!E8 -> 3808 | E29: =C29*C29 -> 5776 | F29: =D29*D29 -> 14500864 | G29: =C29*D29 -> 289408 | H29: =B29*C29 -> 68.78 | I29: =B29*D29 -> 3446.24 | J29: =$M$34+$N$34*C29+$O$34*D29 -> -1.1167281 | K29: =(B29-J29)*(B29-J29) -> 4.0873844 | M29: d | N29: =COUNT(B23:B34) -> 12 | O29: =C35 -> 932.8 | P29: =D35 -> 66149 | Q29: =(N29*O30*P31+O29*N31*P30+N30*O31*P29)-(P29*O30*N31+O29*N30*P31+P30*O31*N29) -> 1.6521133e+12
B30: ='Исходные данные'!B9 -> 0.545 | C30: ='Исходные данные'!C9 -> 67.5 | D30: ='Исходные данные'!E9 -> 2415 | E30: =C30*C30 -> 4556.25 | F30: =D30*D30 -> 5832225 | G30: =C30*D30 -> 163012.5 | H30: =B30*C30 -> 36.7875 | I30: =B30*D30 -> 1316.175 | J30: =$M$34+$N$34*C30+$O$34*D30 -> -1.0123038 | K30: =(B30-J30)*(B30-J30) -> 2.4251951 | N30: =C35 -> 932.8 | O30: =E35 -> 72711.58 | P30: =G35 -> 5171083.2
B31: ='Исходные данные'!B10 -> 0.894 | C31: ='Исходные данные'!C10 -> 78.2 | D31: ='Исходные данные'!E10 -> 3295 | E31: =C31*C31 -> 6115.24 | F31: =D31*D31 -> 10857025 | G31: =C31*D31 -> 257669 | H31: =B31*C31 -> 69.9108 | I31: =B31*D31 -> 2945.73 | J31: =$M$34+$N$34*C31+$O$34*D31 -> -1.146432 | K31: =(B31-J31)*(B31-J31) -> 4.1633627 | N31: =D35 -> 66149 | O31: =G35 -> 5171083.2 | P31: =F35 -> 1050647173
B32: ='Исходные данные'!B11 -> 0.9 | C32: ='Исходные данные'!C11 -> 78.1 | D32: ='Исходные данные'!E11 -> 3504 | E32: =C32*C32 -> 6099.61 | F32: =D32*D32 -> 12278016 | G32: =C32*D32 -> 273662.4 | H32: =B32*C32 -> 70.29 | I32: =B32*D32 -> 3153.6 | J32: =$M$34+$N$34*C32+$O$34*D32 -> -1.1445129 | K32: =(B32-J32)*(B32-J32) -> 4.180033
B33: ='Исходные данные'!B12 -> 0.932 | C33: ='Исходные данные'!C12 -> 78.6 | D33: ='Исходные данные'!E12 -> 30565 | E33: =C33*C33 -> 6177.96 | F33: =D33*D33 -> 934219225 | G33: =C33*D33 -> 2402409 | H33: =B33*C33 -> 73.2552 | I33: =B33*D33 -> 28486.58 | J33: =$M$34+$N$34*C33+$O$34*D33 -> -1.0679934 | K33: =(B33-J33)*(B33-J33) -> 3.9999738 | M33: k0 | N33: k1 | O33: k2 | P33: o12
B34: ='Исходные данные'!B13 -> 0.74 | C34: ='Исходные данные'!C13 -> 84 | D34: ='Исходные данные'!E13 -> 3007 | E34: =C34*C34 -> 7056 | F34: =D34*D34 -> 9042049 | G34: =C34*D34 -> 252588 | H34: =B34*C34 -> 62.16 | I34: =B34*D34 -> 2225.18 | J34: =$M$34+$N$34*C34+$O$34*D34 -> -1.2214809 | K34: =(B34-J34)*(B34-J34) -> 3.8474074 | M34: =Q20/Q29 -> -0.15655829 | N34: =Q23/Q29 -> -0.012787332 | O34: =Q26/Q29 -> 3.0639339e-06 | P34: =K35/COUNT(B23:B34) -> 3.9720075
A35: S | B35: =SUM(B23:B34) -> 10.252 | C35: =SUM(C23:C34) -> 932.8 | D35: =SUM(D23:D34) -> 66149 | E35: =SUM(E23:E34) -> 72711.58 | F35: =SUM(F23:F34) -> 1050647173 | G35: =SUM(G23:G34) -> 5171083.2 | H35: =SUM(H23:H34) -> 799.5934 | I35: =SUM(I23:I34) -> 58987.297 | ... K35: =SUM(K23:K34) -> 47.66409
A37: 3
B38: Исходные данные | E38: Вспомогательные расчеты | M38: dk0 | N38: =C53 -> 932.8 | O38: =D53 -> 895.9 | P38: =B53 -> 10.252 | Q38: =(N38*O39*P40+O38*N40*P39+N39*O40*P38)-(P38*O39*N40+O38*N39*P40+P39*O40*N38) -> -653096.01
E39: Расчет параметров | J39: Расчет ошибки(s) | N39: =E53 -> 72711.58 | O39: =G53 -> 69730.52 | P39: =H53 -> 799.5934
B40: y | C40: x1 | D40: x4 | E40: x12 | F40: x42 | G40: x1*x4 | H40: y*x1 | I40: y*x4 | J40: y14=k0+k1*x1+k2*x4 | K40: (y - y14)2 | N40: =G53 -> 69730.52 | O40: =F53 -> 67207.01 | P40: =I53 -> 772.0503
B41: ='Исходные данные'!B2 -> 0.904 | C41: ='Исходные данные'!C2 -> 75.5 | D41: ='Исходные данные'!F2 -> 77 | E41: =C41*C41 -> 5700.25 | F41: =D41*D41 -> 5929 | G41: =C41*D41 -> 5813.5 | H41: =B41*C41 -> 68.252 | I41: =B41*D41 -> 69.608 | J41: =$M$52+$N$52*C41+$O$52*D41 -> 0.19065838 | K41: =(B41-J41)*(B41-J41) -> 0.50885627 | M41: dk1 | N41: =COUNT(B41:B52) -> 12 | O41: =D53 -> 895.9 | P41: =B53 -> 10.252 | Q41: =(N41*O42*P43+O41*N43*P42+N42*O43*P41)-(P41*O42*N43+O41*N42*P43+P42*O43*N41) -> -3153.6194
B42: ='Исходные данные'!B3 -> 0.922 | C42: ='Исходные данные'!C3 -> 78.5 | D42: ='Исходные данные'!F3 -> 78.2 | E42: =C42*C42 -> 6162.25 | F42: =D42*D42 -> 6115.24 | G42: =C42*D42 -> 6138.7 | H42: =B42*C42 -> 72.377 | I42: =B42*D42 -> 72.1004 | J42: =$M$52+$N$52*C42+$O$52*D42 -> 0.20012849 | K42: =(B42-J42)*(B42-J42) -> 0.52109848 | N42: =C53 -> 932.8 | O42: =G53 -> 69730.52 | P42: =H53 -> 799.5934
B43: ='Исходные данные'!B4 -> 0.763 | C43: ='Исходные данные'!C4 -> 78.4 | D43: ='Исходные данные'!F4 -> 68 | E43: =C43*C43 -> 6146.56 | F43: =D43*D43 -> 4624 | G43: =C43*D43 -> 5331.2 | H43: =B43*C43 -> 59.8192 | I43: =B43*D43 -> 51.884 | J43: =$M$52+$N$52*C43+$O$52*D43 -> 0.0020668794 | K43: =(B43-J43)*(B43-J43) -> 0.57901921 | N43: =D53 -> 895.9 | O43: =F53 -> 67207.01 | P43: =I53 -> 772.0503
B44: ='Исходные данные'!B5 -> 0.923 | C44: ='Исходные данные'!C5 -> 77.7 | D44: ='Исходные данные'!F5 -> 77.2 | E44: =C44*C44 -> 6037.29 | F44: =D44*D44 -> 5959.84 | G44: =C44*D44 -> 5998.44 | H44: =B44*C44 -> 71.7171 | I44: =B44*D44 -> 71.2556 | J44: =$M$52+$N$52*C44+$O$52*D44 -> 0.18436816 | K44: =(B44-J44)*(B44-J44) -> 0.545577 | M44: dk2 | N44: =COUNT(B41:B52) -> 12 | O44: =C53 -> 932.8 | P44: =B53 -> 10.252 | Q44: =(N44*O45*P46+O44*N46*P45+N45*O46*P44)-(P44*O45*N46+O44*N45*P46+P45*O46*N44) -> 13261
B45: ='Исходные данные'!B6 -> 0.918 | C45: ='Исходные данные'!C6 -> 84.4 | D45: ='Исходные данные'!F6 -> 77.2 | E45: =C45*C45 -> 7123.36 | F45: =D45*D45 -> 5959.84 | G45: =C45*D45 -> 6515.68 | H45: =B45*C45 -> 77.4792 | I45: =B45*D45 -> 70.8696 | J45: =$M$52+$N$52*C45+$O$52*D45 -> 0.15335674 | K45: =(B45-J45)*(B45-J45) -> 0.58467932 | N45: =C53 -> 932.8 | O45: =E53 -> 72711.58 | P45: =H53 -> 799.5934
B46: ='Исходные данные'!B7 -> 0.906 | C46: ='Исходные данные'!C7 -> 75.9 | D46: ='Исходные данные'!F7 -> 77.2 | E46: =C46*C46 -> 5760.81 | F46: =D46*D46 -> 5959.84 | G46: =C46*D46 -> 5859.48 | H46: =B46*C46 -> 68.7654 | I46: =B46*D46 -> 69.9432 | J46: =$M$52+$N$52*C46+$O$52*D46 -> 0.19269959 | K46: =(B46-J46)*(B46-J46) -> 0.50879748 | N46: =D53 -> 895.9 | O46: =G53 -> 69730.52 | P46: =I53 -> 772.0503
B47: ='Исходные данные'!B8 -> 0.905 | C47: ='Исходные данные'!C8 -> 76 | D47: ='Исходные данные'!F8 -> 75.7 | E47: =C47*C47 -> 5776 | F47: =D47*D47 -> 5730.49 | G47: =C47*D47 -> 5753.2 | H47: =B47*C47 -> 68.78 | I47: =B47*D47 -> 68.5085 | J47: =$M$52+$N$52*C47+$O$52*D47 -> 0.16304195 | K47: =(B47-J47)*(B47-J47) -> 0.55050174 | M47: d | N47: =COUNT(B41:B52) -> 12 | O47: =C53 -> 932.8 | P47: =D53 -> 895.9 | Q47: =(N47*O48*P49+O47*N49*P48+N48*O49*P47)-(P47*O48*N49+O47*N48*P49+P48*O49*N47) -> 681337.71
B48: ='Исходные данные'!B9 -> 0.545 | C48: ='Исходные данные'!C9 -> 67.5 | D48: ='Исходные данные'!F9 -> 62.6 | E48: =C48*C48 -> 4556.25 | F48: =D48*D48 -> 3918.76 | G48: =C48*D48 -> 4225.5 | H48: =B48*C48 -> 36.7875 | I48: =B48*D48 -> 34.117 | J48: =$M$52+$N$52*C48+$O$52*D48 -> -0.052582892 | K48: =(B48-J48)*(B48-J48) -> 0.35710531 | N48: =C53 -> 932.8 | O48: =E53 -> 72711.58 | P48: =G53 -> 69730.52
B49: ='Исходные данные'!B10 -> 0.894 | C49: ='Исходные данные'!C10 -> 78.2 | D49: ='Исходные данные'!F10 -> 78 | E49: =C49*C49 -> 6115.24 | F49: =D49*D49 -> 6084 | G49: =C49*D49 -> 6099.6 | H49: =B49*C49 -> 69.9108 | I49: =B49*D49 -> 69.732 | J49: =$M$52+$N$52*C49+$O$52*D49 -> 0.19762442 | K49: =(B49-J49)*(B49-J49) -> 0.48493895 | N49: =D53 -> 895.9 | O49: =G53 -> 69730.52 | P49: =F53 -> 67207.01
B50: ='Исходные данные'!B11 -> 0.9 | C50: ='Исходные данные'!C11 -> 78.1 | D50: ='Исходные данные'!F11 -> 78.2 | E50: =C50*C50 -> 6099.61 | F50: =D50*D50 -> 6115.24 | G50: =C50*D50 -> 6107.42 | H50: =B50*C50 -> 70.29 | I50: =B50*D50 -> 70.38 | J50: =$M$52+$N$52*C50+$O$52*D50 -> 0.20197991 | K50: =(B50-J50)*(B50-J50) -> 0.48723204
B51: ='Исходные данные'!B12 -> 0.932 | C51: ='Исходные данные'!C12 -> 78.6 | D51: ='Исходные данные'!F12 -> 79 | E51: =C51*C51 -> 6177.96 | F51: =D51*D51 -> 6241 | G51: =C51*D51 -> 6209.4 | H51: =B51*C51 -> 73.2552 | I51: =B51*D51 -> 73.628 | J51: =$M$52+$N$52*C51+$O$52*D51 -> 0.21523617 | K51: =(B51-J51)*(B51-J51) -> 0.51375038 | M51: k0 | N51: k1 | O51: k2 | P51: o12
B52: ='Исходные данные'!B13 -> 0.74 | C52: ='Исходные данные'!C13 -> 84 | D52: ='Исходные данные'!F13 -> 67.6 | E52: =C52*C52 -> 7056 | F52: =D52*D52 -> 4569.76 | G52: =C52*D52 -> 5678.4 | H52: =B52*C52 -> 62.16 | I52: =B52*D52 -> 50.024 | J52: =$M$52+$N$52*C52+$O$52*D52 -> -0.031638387 | K52: =(B52-J52)*(B52-J52) -> 0.5954258 | M52: =Q38/Q47 -> -0.95854964 | N52: =Q41/Q47 -> -0.0046285702 | O52: =Q44/Q47 -> 0.019463183 | P52: =K53/COUNT(B41:B52) -> 0.5197485
A53: S | B53: =SUM(B41:B52) -> 10.252 | C53: =SUM(C41:C52) -> 932.8 | D53: =SUM(D41:D52) -> 895.9 | E53: =SUM(E41:E52) -> 72711.58 | F53: =SUM(F41:F52) -> 67207.01 | G53: =SUM(G41:G52) -> 69730.52 | H53: =SUM(H41:H52) -> 799.5934 | I53: =SUM(I41:I52) -> 772.0503 | ... K53: =SUM(K41:K52) -> 6.236982
A55: 4
B56: Исходные данные | E56: Вспомогательные расчеты | M56: dk0 | N56: =C71 -> 251 | O56: =D71 -> 66149 | P56: =B71 -> 10.252 | Q56: =(N56*O57*P58+O56*N58*P57+N57*O58*P56)-(P56*O57*N58+O56*N57*P58+P57*O58*N56) -> 1.1014952e+12
E57: Расчет параметров | J57: Расчет ошибки(s) | N57: =E71 -> 5366.66 | O57: =G71 -> 1345076.1 | P57: =H71 -> 212.4927
B58: y | C58: x2 | D58: x3 | E58: x22 | F58: x32 | G58: x2*x3 | H58: y*x2 | I58: y*x3 | J58: y23=k0+k1*x2+k2*x3 | K58: (y - y23)2 | N58: =G71 -> 1345076.1 | O58: =F71 -> 1050647173 | P58: =I71 -> 58987.297
B59: ='Исходные данные'!B2 -> 0.904 | C59: ='Исходные данные'!D2 -> 25.2 | D59: ='Исходные данные'!E2 -> 3343 | E59: =C59*C59 -> 635.04 | F59: =D59*D59 -> 11175649 | G59: =C59*D59 -> 84243.6 | H59: =B59*C59 -> 22.7808 | I59: =B59*D59 -> 3022.072 | J59: =$M$70+$N$70*C59+$O$70*D59 -> 1.5763812 | K59: =(B59-J59)*(B59-J59) -> 0.45209653 | M59: dk1 | N59: =COUNT(B59:B70) -> 12 | O59: =D71 -> 66149 | P59: =B71 -> 10.252 | Q59: =(N59*O60*P61+O59*N61*P60+N60*O61*P59)-(P59*O60*N61+O59*N60*P61+P60*O61*N59) -> 1.4866923e+10
B60: ='Исходные данные'!B3 -> 0.922 | C60: ='Исходные данные'!D3 -> 21.8 | D60: ='Исходные данные'!E3 -> 3001 | E60: =C60*C60 -> 475.24 | F60: =D60*D60 -> 9006001 | G60: =C60*D60 -> 65421.8 | H60: =B60*C60 -> 20.0996 | I60: =B60*D60 -> 2766.922 | J60: =$M$70+$N$70*C60+$O$70*D60 -> 1.5217824 | K60: =(B60-J60)*(B60-J60) -> 0.35973895 | N60: =C71 -> 251 | O60: =G71 -> 1345076.1 | P60: =H71 -> 212.4927
B61: ='Исходные данные'!B4 -> 0.763 | C61: ='Исходные данные'!D4 -> 25.7 | D61: ='Исходные данные'!E4 -> 3101 | E61: =C61*C61 -> 660.49 | F61: =D61*D61 -> 9616201 | G61: =C61*D61 -> 79695.7 | H61: =B61*C61 -> 19.6091 | I61: =B61*D61 -> 2366.063 | J61: =$M$70+$N$70*C61+$O$70*D61 -> 1.5836156 | K61: =(B61-J61)*(B61-J61) -> 0.67340989 | N61: =D71 -> 66149 | O61: =F71 -> 1050647173 | P61: =I71 -> 58987.297
B62: ='Исходные данные'!B5 -> 0.923 | C62: ='Исходные данные'!D5 -> 17.8 | D62: ='Исходные данные'!E5 -> 3543 | E62: =C62*C62 -> 316.84 | F62: =D62*D62 -> 12552849 | G62: =C62*D62 -> 63065.4 | H62: =B62*C62 -> 16.4294 | I62: =B62*D62 -> 3270.189 | J62: =$M$70+$N$70*C62+$O$70*D62 -> 1.4601168 | K62: =(B62-J62)*(B62-J62) -> 0.28849441 | M62: dk2 | N62: =COUNT(B59:B70) -> 12 | O62: =C71 -> 251 | P62: =B71 -> 10.252 | Q62: =(N62*O63*P64+O62*N64*P63+N63*O64*P62)-(P62*O63*N64+O62*N63*P64+P63*O64*N62) -> 2561410.5
B63: ='Исходные данные'!B6 -> 0.918 | C63: ='Исходные данные'!D6 -> 15.9 | D63: ='Исходные данные'!E6 -> 3237 | E63: =C63*C63 -> 252.81 | F63: =D63*D63 -> 10478169 | G63: =C63*D63 -> 51468.3 | H63: =B63*C63 -> 14.5962 | I63: =B63*D63 -> 2971.566 | J63: =$M$70+$N$70*C63+$O$70*D63 -> 1.4292932 | K63: =(B63-J63)*(B63-J63) -> 0.26142076 | N63: =C71 -> 251 | O63: =E71 -> 5366.66 | P63: =H71 -> 212.4927
B64: ='Исходные данные'!B7 -> 0.906 | C64: ='Исходные данные'!D7 -> 22.4 | D64: ='Исходные данные'!E7 -> 3330 | E64: =C64*C64 -> 501.76 | F64: =D64*D64 -> 11088900 | G64: =C64*D64 -> 74592 | H64: =B64*C64 -> 20.2944 | I64: =B64*D64 -> 3016.98 | J64: =$M$70+$N$70*C64+$O$70*D64 -> 1.5321481 | K64: =(B64-J64)*(B64-J64) -> 0.39206146 | N64: =D71 -> 66149 | O64: =G71 -> 1345076.1 | P64: =I71 -> 58987.297
B65: ='Исходные данные'!B8 -> 0.905 | C65: ='Исходные данные'!D8 -> 20.6 | D65: ='Исходные данные'!E8 -> 3808 | E65: =C65*C65 -> 424.36 | F65: =D65*D65 -> 14500864 | G65: =C65*D65 -> 78444.8 | H65: =B65*C65 -> 18.643 | I65: =B65*D65 -> 3446.24 | J65: =$M$70+$N$70*C65+$O$70*D65 -> 1.5050352 | K65: =(B65-J65)*(B65-J65) -> 0.36004226 | M65: d | N65: =COUNT(B59:B70) -> 12 | O65: =C71 -> 251 | P65: =D71 -> 66149 | Q65: =(N65*O66*P67+O65*N67*P66+N66*O67*P65)-(P65*O66*N67+O65*N66*P67+P66*O67*N65) -> 9.4184354e+11
B66: ='Исходные данные'!B9 -> 0.545 | C66: ='Исходные данные'!D9 -> 25.2 | D66: ='Исходные данные'!E9 -> 2415 | E66: =C66*C66 -> 635.04 | F66: =D66*D66 -> 5832225 | G66: =C66*D66 -> 60858 | H66: =B66*C66 -> 13.734 | I66: =B66*D66 -> 1316.175 | J66: =$M$70+$N$70*C66+$O$70*D66 -> 1.5738575 | K66: =(B66-J66)*(B66-J66) -> 1.0585477 | N66: =C71 -> 251 | O66: =E71 -> 5366.66 | P66: =G71 -> 1345076.1
B67: ='Исходные данные'!B10 -> 0.894 | C67: ='Исходные данные'!D10 -> 20.7 | D67: ='Исходные данные'!E10 -> 3295 | E67: =C67*C67 -> 428.49 | F67: =D67*D67 -> 10857025 | G67: =C67*D67 -> 68206.5 | H67: =B67*C67 -> 18.5058 | I67: =B67*D67 -> 2945.73 | J67: =$M$70+$N$70*C67+$O$70*D67 -> 1.5052186 | K67: =(B67-J67)*(B67-J67) -> 0.37358814 | N67: =D71 -> 66149 | O67: =G71 -> 1345076.1 | P67: =F71 -> 1050647173
B68: ='Исходные данные'!B11 -> 0.9 | C68: ='Исходные данные'!D11 -> 17.5 | D68: ='Исходные данные'!E11 -> 3504 | E68: =C68*C68 -> 306.25 | F68: =D68*D68 -> 12278016 | G68: =C68*D68 -> 61320 | H68: =B68*C68 -> 15.75 | I68: =B68*D68 -> 3153.6 | J68: =$M$70+$N$70*C68+$O$70*D68 -> 1.4552752 | K68: =(B68-J68)*(B68-J68) -> 0.30833057
B69: ='Исходные данные'!B12 -> 0.932 | C69: ='Исходные данные'!D12 -> 19.7 | D69: ='Исходные данные'!E12 -> 30565 | E69: =C69*C69 -> 388.09 | F69: =D69*D69 -> 934219225 | G69: =C69*D69 -> 602130.5 | H69: =B69*C69 -> 18.3604 | I69: =B69*D69 -> 28486.58 | J69: =$M$70+$N$70*C69+$O$70*D69 -> 1.5635964 | K69: =(B69-J69)*(B69-J69) -> 0.39891395 | M69: k0 | N69: k1 | O69: k2 | P69: o12
B70: ='Исходные данные'!B13 -> 0.74 | C70: ='Исходные данные'!D13 -> 18.5 | D70: ='Исходные данные'!E13 -> 3007 | E70: =C70*C70 -> 342.25 | F70: =D70*D70 -> 9042049 | G70: =C70*D70 -> 55629.5 | H70: =B70*C70 -> 13.69 | I70: =B70*D70 -> 2225.18 | J70: =$M$70+$N$70*C70+$O$70*D70 -> 1.4697085 | K70: =(B70-J70)*(B70-J70) -> 0.53247451 | M70: =Q56/Q65 -> 1.1695098 | N70: =Q59/Q65 -> 0.015784918 | O70: =Q62/Q65 -> 2.7195711e-06 | P70: =K71/COUNT(B59:B70) -> 0.45492659
A71: S | B71: =SUM(B59:B70) -> 10.252 | C71: =SUM(C59:C70) -> 251 | D71: =SUM(D59:D70) -> 66149 | E71: =SUM(E59:E70) -> 5366.66 | F71: =SUM(F59:F70) -> 1050647173 | G71: =SUM(G59:G70) -> 1345076.1 | H71: =SUM(H59:H70) -> 212.4927 | I71: =SUM(I59:I70) -> 58987.297 | ... K71: =SUM(K59:K70) -> 5.4591191
A73: 5
B74: Исходные данные | E74: Вспомогательные расчеты | M74: dk0 | N74: =C89 -> 251 | O74: =D89 -> 895.9 | P74: =B89 -> 10.252 | Q74: =(N74*O75*P76+O74*N76*P75+N75*O76*P74)-(P74*O75*N76+O74*N75*P76+P75*O76*N74) -> -229247.3
E75: Расчет параметров | J75: Расчет ошибки(s) | N75: =E89 -> 5366.66 | O75: =G89 -> 18650.62 | P75: =H89 -> 212.4927
B76: y | C76: x2 | D76: x4 | E76: x22 | F76: x42 | G76: x2*x4 | H76: y*x2 | I76: y*x4 | J76: y24=k0+k1*x2+k2*x4 | K76: (y - y24)2 | N76: =G89 -> 18650.62 | O76: =F89 -> 67207.01 | P76: =I89 -> 772.0503
B77: ='Исходные данные'!B2 -> 0.904 | C77: ='Исходные данные'!D2 -> 25.2 | D77: ='Исходные данные'!F2 -> 77 | E77: =C77*C77 -> 635.04 | F77: =D77*D77 -> 5929 | G77: =C77*D77 -> 1940.4 | H77: =B77*C77 -> 22.7808 | I77: =B77*D77 -> 69.608 | J77: =$M$88+$N$88*C77+$O$88*D77 -> 0.95524398 | K77: =(B77-J77)*(B77-J77) -> 0.0026259454 | M77: dk1 | N77: =COUNT(B77:B88) -> 12 | O77: =D89 -> 895.9 | P77: =B89 -> 10.252 | Q77: =(N77*O78*P79+O77*N79*P78+N78*O79*P77)-(P77*O78*N79+O77*N78*P79+P78*O79*N77) -> 407.61943
B78: ='Исходные данные'!B3 -> 0.922 | C78: ='Исходные данные'!D3 -> 21.8 | D78: ='Исходные данные'!F3 -> 78.2 | E78: =C78*C78 -> 475.24 | F78: =D78*D78 -> 6115.24 | G78: =C78*D78 -> 1704.76 | H78: =B78*C78 -> 20.0996 | I78: =B78*D78 -> 72.1004 | J78: =$M$88+$N$88*C78+$O$88*D78 -> 0.97585181 | K78: =(B78-J78)*(B78-J78) -> 0.0029000175 | N78: =C89 -> 251 | O78: =G89 -> 18650.62 | P78: =H89 -> 212.4927
B79: ='Исходные данные'!B4 -> 0.763 | C79: ='Исходные данные'!D4 -> 25.7 | D79: ='Исходные данные'!F4 -> 68 | E79: =C79*C79 -> 660.49 | F79: =D79*D79 -> 4624 | G79: =C79*D79 -> 1747.6 | H79: =B79*C79 -> 19.6091 | I79: =B79*D79 -> 51.884 | J79: =$M$88+$N$88*C79+$O$88*D79 -> 0.77191977 | K79: =(B79-J79)*(B79-J79) -> 7.9562266e-05 | N79: =D89 -> 895.9 | O79: =F89 -> 67207.01 | P79: =I89 -> 772.0503
B80: ='Исходные данные'!B5 -> 0.923 | C80: ='Исходные данные'!D5 -> 17.8 | D80: ='Исходные данные'!F5 -> 77.2 | E80: =C80*C80 -> 316.84 | F80: =D80*D80 -> 5959.84 | G80: =C80*D80 -> 1374.16 | H80: =B80*C80 -> 16.4294 | I80: =B80*D80 -> 71.2556 | J80: =$M$88+$N$88*C80+$O$88*D80 -> 0.95081605 | K80: =(B80-J80)*(B80-J80) -> 0.00077373287 | M80: dk2 | N80: =COUNT(B77:B88) -> 12 | O80: =C89 -> 251 | P80: =B89 -> 10.252 | Q80: =(N80*O81*P82+O80*N82*P81+N81*O82*P80)-(P80*O81*N82+O80*N81*P82+P81*O82*N80) -> 7238.7138
B81: ='Исходные данные'!B6 -> 0.918 | C81: ='Исходные данные'!D6 -> 15.9 | D81: ='Исходные данные'!F6 -> 77.2 | E81: =C81*C81 -> 252.81 | F81: =D81*D81 -> 5959.84 | G81: =C81*D81 -> 1227.48 | H81: =B81*C81 -> 14.5962 | I81: =B81*D81 -> 70.8696 | J81: =$M$88+$N$88*C81+$O$88*D81 -> 0.94862988 | K81: =(B81-J81)*(B81-J81) -> 0.00093818943 | N81: =C89 -> 251 | O81: =E89 -> 5366.66 | P81: =H89 -> 212.4927
B82: ='Исходные данные'!B7 -> 0.906 | C82: ='Исходные данные'!D7 -> 22.4 | D82: ='Исходные данные'!F7 -> 77.2 | E82: =C82*C82 -> 501.76 | F82: =D82*D82 -> 5959.84 | G82: =C82*D82 -> 1729.28 | H82: =B82*C82 -> 20.2944 | I82: =B82*D82 -> 69.9432 | J82: =$M$88+$N$88*C82+$O$88*D82 -> 0.9561089 | K82: =(B82-J82)*(B82-J82) -> 0.002510902 | N82: =D89 -> 895.9 | O82: =G89 -> 18650.62 | P82: =I89 -> 772.0503
B83: ='Исходные данные'!B8 -> 0.905 | C83: ='Исходные данные'!D8 -> 20.6 | D83: ='Исходные данные'!F8 -> 75.7 | E83: =C83*C83 -> 424.36 | F83: =D83*D83 -> 5730.49 | G83: =C83*D83 -> 1559.42 | H83: =B83*C83 -> 18.643 | I83: =B83*D83 -> 68.5085 | J83: =$M$88+$N$88*C83+$O$88*D83 -> 0.92338787 | K83: =(B83-J83)*(B83-J83) -> 0.00033811367 | M83: d | N83: =COUNT(B77:B88) -> 12 | O83: =C89 -> 251 | P83: =D89 -> 895.9 | Q83: =(N83*O84*P85+O83*N85*P84+N84*O85*P83)-(P83*O84*N85+O83*N84*P85+P84*O85*N83) -> 354260.98
B84: ='Исходные данные'!B9 -> 0.545 | C84: ='Исходные данные'!D9 -> 25.2 | D84: ='Исходные данные'!F9 -> 62.6 | E84: =C84*C84 -> 635.04 | F84: =D84*D84 -> 3918.76 | G84: =C84*D84 -> 1577.52 | H84: =B84*C84 -> 13.734 | I84: =B84*D84 -> 34.117 | J84: =$M$88+$N$88*C84+$O$88*D84 -> 0.66100475 | K84: =(B84-J84)*(B84-J84) -> 0.013457101 | N84: =C89 -> 251 | O84: =E89 -> 5366.66 | P84: =G89 -> 18650.62
B85: ='Исходные данные'!B10 -> 0.894 | C85: ='Исходные данные'!D10 -> 20.7 | D85: ='Исходные данные'!F10 -> 78 | E85: =C85*C85 -> 428.49 | F85: =D85*D85 -> 6084 | G85: =C85*D85 -> 1614.6 | H85: =B85*C85 -> 18.5058 | I85: =B85*D85 -> 69.732 | J85: =$M$88+$N$88*C85+$O$88*D85 -> 0.97049947 | K85: =(B85-J85)*(B85-J85) -> 0.0058521695 | N85: =D89 -> 895.9 | O85: =G89 -> 18650.62 | P85: =F89 -> 67207.01
B86: ='Исходные данные'!B11 -> 0.9 | C86: ='Исходные данные'!D11 -> 17.5 | D86: ='Исходные данные'!F11 -> 78.2 | E86: =C86*C86 -> 306.25 | F86: =D86*D86 -> 6115.24 | G86: =C86*D86 -> 1368.5 | H86: =B86*C86 -> 15.75 | I86: =B86*D86 -> 70.38 | J86: =$M$88+$N$88*C86+$O$88*D86 -> 0.97090415 | K86: =(B86-J86)*(B86-J86) -> 0.0050273983
B87: ='Исходные данные'!B12 -> 0.932 | C87: ='Исходные данные'!D12 -> 19.7 | D87: ='Исходные данные'!F12 -> 79 | E87: =C87*C87 -> 388.09 | F87: =D87*D87 -> 6241 | G87: =C87*D87 -> 1556.3 | H87: =B87*C87 -> 18.3604 | I87: =B87*D87 -> 73.628 | J87: =$M$88+$N$88*C87+$O$88*D87 -> 0.98978213 | K87: =(B87-J87)*(B87-J87) -> 0.0033387751 | M87: k0 | N87: k1 | O87: k2 | P87: o12
B88: ='Исходные данные'!B13 -> 0.74 | C88: ='Исходные данные'!D13 -> 18.5 | D88: ='Исходные данные'!F13 -> 67.6 | E88: =C88*C88 -> 342.25 | F88: =D88*D88 -> 4569.76 | G88: =C88*D88 -> 1250.6 | H88: =B88*C88 -> 13.69 | I88: =B88*D88 -> 50.024 | J88: =$M$88+$N$88*C88+$O$88*D88 -> 0.755462 | K88: =(B88-J88)*(B88-J88) -> 0.00023907342 | M88: =Q74/Q83 -> -0.64711418 | N88: =Q77/Q83 -> 0.001150619 | O88: =Q80/Q83 -> 0.02043328 | P88: =K89/COUNT(B77:B88) -> 0.0031734151
A89: S | B89: =SUM(B77:B88) -> 10.252 | C89: =SUM(C77:C88) -> 251 | D89: =SUM(D77:D88) -> 895.9 | E89: =SUM(E77:E88) -> 5366.66 | F89: =SUM(F77:F88) -> 67207.01 | G89: =SUM(G77:G88) -> 18650.62 | H89: =SUM(H77:H88) -> 212.4927 | I89: =SUM(I77:I88) -> 772.0503 | ... K89: =SUM(K77:K88) -> 0.038080981
A91: 6
B92: Исходные данные | E92: Вспомогательные расчеты | M92: dk0 | N92: =C107 -> 66149 | O92: =D107 -> 895.9 | P92: =B107 -> 10.252 | Q92: =(N92*O93*P94+O92*N94*P93+N93*O94*P92)-(P92*O93*N94+O92*N93*P94+P93*O94*N92) -> -1.7146178e+12
E93: Расчет параметров | J93: Расчет ошибки(s) | N93: =E107 -> 1050647173 | O93: =G107 -> 5071824.8 | P93: =H107 -> 58987.297
B94: y | C94: x3 | D94: x4 | E94: x32 | F94: x42 | G94: x3*x4 | H94: y*x3 | I94: y*x4 | J94: y34=k0+k1*x3+k2*x4 | K94: (y - y34)2 | N94: =G107 -> 5071824.8 | O94: =F107 -> 67207.01 | P94: =I107 -> 772.0503
B95: ='Исходные данные'!B2 -> 0.904 | C95: ='Исходные данные'!E2 -> 3343 | D95: ='Исходные данные'!F2 -> 77 | E95: =C95*C95 -> 11175649 | F95: =D95*D95 -> 5929 | G95: =C95*D95 -> 257411 | H95: =B95*C95 -> 3022.072 | I95: =B95*D95 -> 69.608 | J95: =$M$106+$N$106*C95+$O$106*D95 -> 0.90746343 | K95: =(B95-J95)*(B95-J95) -> 1.1995351e-05 | M95: dk1 | N95: =COUNT(B95:B106) -> 12 | O95: =D107 -> 895.9 | P95: =B107 -> 10.252 | Q95: =(N95*O96*P97+O95*N97*P96+N96*O97*P95)-(P95*O96*N97+O95*N96*P97+P96*O97*N95) -> 1120060.1
B96: ='Исходные данные'!B3 -> 0.922 | C96: ='Исходные данные'!E3 -> 3001 | D96: ='Исходные данные'!F3 -> 78.2 | E96: =C96*C96 -> 9006001 | F96: =D96*D96 -> 6115.24 | G96: =C96*D96 -> 234678.2 | H96: =B96*C96 -> 2766.922 | I96: =B96*D96 -> 72.1004 | J96: =$M$106+$N$106*C96+$O$106*D96 -> 0.93243739 | K96: =(B96-J96)*(B96-J96) -> 0.00010893903 | N96: =C107 -> 66149 | O96: =G107 -> 5071824.8 | P96: =H107 -> 58987.297
B97: ='Исходные данные'!B4 -> 0.763 | C97: ='Исходные данные'!E4 -> 3101 | D97: ='Исходные данные'!F4 -> 68 | E97: =C97*C97 -> 9616201 | F97: =D97*D97 -> 4624 | G97: =C97*D97 -> 210868 | H97: =B97*C97 -> 2366.063 | I97: =B97*D97 -> 51.884 | J97: =$M$106+$N$106*C97+$O$106*D97 -> 0.71886291 | K97: =(B97-J97)*(B97-J97) -> 0.0019480825 | N97: =D107 -> 895.9 | O97: =F107 -> 67207.01 | P97: =I107 -> 772.0503
B98: ='Исходные данные'!B5 -> 0.923 | C98: ='Исходные данные'!E5 -> 3543 | D98: ='Исходные данные'!F5 -> 77.2 | E98: =C98*C98 -> 12552849 | F98: =D98*D98 -> 5959.84 | G98: =C98*D98 -> 273519.6 | H98: =B98*C98 -> 3270.189 | I98: =B98*D98 -> 71.2556 | J98: =$M$106+$N$106*C98+$O$106*D98 -> 0.9117444 | K98: =(B98-J98)*(B98-J98) -> 0.00012668852 | M98: dk2 | N98: =COUNT(B95:B106) -> 12 | O98: =C107 -> 66149 | P98: =B107 -> 10.252 | Q98: =(N98*O99*P100+O98*N100*P99+N99*O100*P98)-(P98*O99*N100+O98*N99*P100+P99*O100*N98) -> 5.08126e+10
B99: ='Исходные данные'!B6 -> 0.918 | C99: ='Исходные данные'!E6 -> 3237 | D99: ='Исходные данные'!F6 -> 77.2 | E99: =C99*C99 -> 10478169 | F99: =D99*D99 -> 5959.84 | G99: =C99*D99 -> 249896.4 | H99: =B99*C99 -> 2971.566 | I99: =B99*D99 -> 70.8696 | J99: =$M$106+$N$106*C99+$O$106*D99 -> 0.91160314 | K99: =(B99-J99)*(B99-J99) -> 4.0919875e-05 | N99: =C107 -> 66149 | O99: =E107 -> 1050647173 | P99: =H107 -> 58987.297
B100: ='Исходные данные'!B7 -> 0.906 | C100: ='Исходные данные'!E7 -> 3330 | D100: ='Исходные данные'!F7 -> 77.2 | E100: =C100*C100 -> 11088900 | F100: =D100*D100 -> 5959.84 | G100: =C100*D100 -> 257076 | H100: =B100*C100 -> 3016.98 | I100: =B100*D100 -> 69.9432 | J100: =$M$106+$N$106*C100+$O$106*D100 -> 0.91164607 | K100: =(B100-J100)*(B100-J100) -> 3.1878095e-05 | N100: =D107 -> 895.9 | O100: =G107 -> 5071824.8 | P100: =I107 -> 772.0503
B101: ='Исходные данные'!B8 -> 0.905 | C101: ='Исходные данные'!E8 -> 3808 | D101: ='Исходные данные'!F8 -> 75.7 | E101: =C101*C101 -> 14500864 | F101: =D101*D101 -> 5730.49 | G101: =C101*D101 -> 288265.6 | H101: =B101*C101 -> 3446.24 | I101: =B101*D101 -> 68.5085 | J101: =$M$106+$N$106*C101+$O$106*D101 -> 0.88045194 | K101: =(B101-J101)*(B101-J101) -> 0.00060260735 | M101: d | N101: =COUNT(B95:B106) -> 12 | O101: =C107 -> 66149 | P101: =D107 -> 895.9 | Q101: =(N101*O102*P103+O101*N103*P102+N102*O103*P101)-(P101*O102*N103+O101*N102*P103+P102*O103*N101) -> 2.42621e+12
B102: ='Исходные данные'!B9 -> 0.545 | C102: ='Исходные данные'!E9 -> 2415 | D102: ='Исходные данные'!F9 -> 62.6 | E102: =C102*C102 -> 5832225 | F102: =D102*D102 -> 3918.76 | G102: =C102*D102 -> 151179 | H102: =B102*C102 -> 1316.175 | I102: =B102*D102 -> 34.117 | J102: =$M$106+$N$106*C102+$O$106*D102 -> 0.60545294 | K102: =(B102-J102)*(B102-J102) -> 0.003654558 | N102: =C107 -> 66149 | O102: =E107 -> 1050647173 | P102: =G107 -> 5071824.8
B103: ='Исходные данные'!B10 -> 0.894 | C103: ='Исходные данные'!E10 -> 3295 | D103: ='Исходные данные'!F10 -> 78 | E103: =C103*C103 -> 10857025 | F103: =D103*D103 -> 6084 | G103: =C103*D103 -> 257010 | H103: =B103*C103 -> 2945.73 | I103: =B103*D103 -> 69.732 | J103: =$M$106+$N$106*C103+$O$106*D103 -> 0.92838447 | K103: =(B103-J103)*(B103-J103) -> 0.0011822919 | N103: =D107 -> 895.9 | O103: =G107 -> 5071824.8 | P103: =F107 -> 67207.01
B104: ='Исходные данные'!B11 -> 0.9 | C104: ='Исходные данные'!E11 -> 3504 | D104: ='Исходные данные'!F11 -> 78.2 | E104: =C104*C104 -> 12278016 | F104: =D104*D104 -> 6115.24 | G104: =C104*D104 -> 274012.8 | H104: =B104*C104 -> 3153.6 | I104: =B104*D104 -> 70.38 | J104: =$M$106+$N$106*C104+$O$106*D104 -> 0.9326696 | K104: =(B104-J104)*(B104-J104) -> 0.0010673025
B105: ='Исходные данные'!B12 -> 0.932 | C105: ='Исходные данные'!E12 -> 30565 | D105: ='Исходные данные'!F12 -> 79 | E105: =C105*C105 -> 934219225 | F105: =D105*D105 -> 6241 | G105: =C105*D105 -> 2414635 | H105: =B105*C105 -> 28486.58 | I105: =B105*D105 -> 73.628 | J105: =$M$106+$N$106*C105+$O$106*D105 -> 0.96191687 | K105: =(B105-J105)*(B105-J105) -> 0.00089501907 | M105: k0 | N105: k1 | O105: k2 | P105: o12
...

Sheet Уравнения регрессии 2 ряд
A1: 1
B2: Исходные данные | E2: Вспомогательные расчеты | M2: dk0 | N2: =C17 -> -5.7837101 | O2: =D17 -> 1.6169394 | P2: =B17 -> 10.252 | Q2: =(N2*O3*P4+O2*N4*P3+N3*O4*P2)-(P2*O3*N4+O2*N3*P4+P3*O4*N2) -> 0.001364631 | S2: min | T2: =P124 -> 0.094401323
E3: Расчет параметров | J3: Расчет ошибки(s) | N3: =E17 -> 2.7961381 | O3: =G17 -> -0.77482033 | P3: =H17 -> -4.9464404
B4: y | C4: y12 | D4: y14 | E4: x12 | F4: x22 | G4: x1*x2 | H4: y*x1 | I4: y*x2 | J4: y12=k0+k1*x1+k2*x2 | K4: (y - y12)2 | N4: =G17 -> -0.77482033 | O4: =F17 -> 0.32757587 | P4: =I17 -> 1.4985309
B5: ='Исходные данные'!B2 -> 0.904 | C5: ='Исходные данные'!G2 -> -0.50184039 | D5: ='Исходные данные'!H2 -> 0.19065838 | E5: =C5*C5 -> 0.25184377 | F5: =D5*D5 -> 0.036350617 | G5: =C5*D5 -> -0.095680073 | H5: =B5*C5 -> -0.45366371 | I5: =B5*D5 -> 0.17235517 | J5: =$M$16+$N$16*C5+$O$16*D5 -> -0.26626546 | K5: =(B5-J5)*(B5-J5) -> 1.3695213 | M5: dk1 | N5: =COUNT(B5:B16) -> 12 | O5: =D17 -> 1.6169394 | P5: =B17 -> 10.252 | Q5: =(N5*O6*P7+O5*N7*P6+N6*O7*P5)-(P5*O6*N7+O5*N6*P7+P6*O7*N5) -> 0.01320938
B6: ='Исходные данные'!B3 -> 0.922 | C6: ='Исходные данные'!G3 -> -0.49662111 | D6: ='Исходные данные'!H3 -> 0.20012849 | E6: =C6*C6 -> 0.24663252 | F6: =D6*D6 -> 0.040051411 | G6: =C6*D6 -> -0.09938803 | H6: =B6*C6 -> -0.45788466 | I6: =B6*D6 -> 0.18451846 | J6: =$M$16+$N$16*C6+$O$16*D6 -> -0.24941046 | K6: =(B6-J6)*(B6-J6) -> 1.3722025 | N6: =C17 -> -5.7837101 | O6: =G17 -> -0.77482033 | P6: =H17 -> -4.9464404
B7: ='Исходные данные'!B4 -> 0.763 | C7: ='Исходные данные'!G4 -> -0.53132691 | D7: ='Исходные данные'!H4 -> 0.0020668794 | E7: =C7*C7 -> 0.28230829 | F7: =D7*D7 -> 4.2719903e-06 | G7: =C7*D7 -> -0.0010981886 | H7: =B7*C7 -> -0.40540243 | I7: =B7*D7 -> 0.0015770289 | J7: =$M$16+$N$16*C7+$O$16*D7 -> -0.51239235 | K7: =(B7-J7)*(B7-J7) -> 1.6266256 | N7: =D17 -> 1.6169394 | O7: =F17 -> 0.32757587 | P7: =I17 -> 1.4985309
B8: ='Исходные данные'!B5 -> 0.923 | C8: ='Исходные данные'!G5 -> -0.45326745 | D8: ='Исходные данные'!H5 -> 0.18436816 | E8: =C8*C8 -> 0.20545138 | F8: =D8*D8 -> 0.033991618 | G8: =C8*D8 -> -0.083568085 | H8: =B8*C8 -> -0.41836585 | I8: =B8*D8 -> 0.17017181 | J8: =$M$16+$N$16*C8+$O$16*D8 -> -0.21488216 | K8: =(B8-J8)*(B8-J8) -> 1.2947758 | M8: dk2 | N8: =COUNT(B5:B16) -> 12 | O8: =C17 -> -5.7837101 | P8: =B17 -> 10.252 | Q8: =(N8*O9*P10+O8*N10*P9+N9*O10*P8)-(P8*O9*N10+O8*N9*P10+P9*O10*N8) -> 0.012270679
B9: ='Исходные данные'!B6 -> 0.918 | C9: ='Исходные данные'!G6 -> -0.49353039 | D9: ='Исходные данные'!H6 -> 0.15335674 | E9: =C9*C9 -> 0.24357225 | F9: =D9*D9 -> 0.023518289 | G9: =C9*D9 -> -0.075686211 | H9: =B9*C9 -> -0.4530609 | I9: =B9*D9 -> 0.14078149 | J9: =$M$16+$N$16*C9+$O$16*D9 -> -0.29794085 | K9: =(B9-J9)*(B9-J9) -> 1.4785122 | N9: =C17 -> -5.7837101 | O9: =E17 -> 2.7961381 | P9: =H17 -> -4.9464404
B10: ='Исходные данные'!B7 -> 0.906 | C10: ='Исходные данные'!G7 -> -0.47974448 | D10: ='Исходные данные'!H7 -> 0.19269959 | E10: =C10*C10 -> 0.23015476 | F10: =D10*D10 -> 0.03713313 | G10: =C10*D10 -> -0.092446561 | H10: =B10*C10 -> -0.43464849 | I10: =B10*D10 -> 0.17458582 | J10: =$M$16+$N$16*C10+$O$16*D10 -> -0.23741455 | K10: =(B10-J10)*(B10-J10) -> 1.3073968 | N10: =D17 -> 1.6169394 | O10: =G17 -> -0.77482033 | P10: =I17 -> 1.4985309
B11: ='Исходные данные'!B8 -> 0.905 | C11: ='Исходные данные'!G8 -> -0.46418924 | D11: ='Исходные данные'!H8 -> 0.16304195 | E11: =C11*C11 -> 0.21547165 | F11: =D11*D11 -> 0.026582679 | G11: =C11*D11 -> -0.075682322 | H11: =B11*C11 -> -0.42009127 | I11: =B11*D11 -> 0.14755297 | J11: =$M$16+$N$16*C11+$O$16*D11 -> -0.25183856 | K11: =(B11-J11)*(B11-J11) -> 1.3382755 | M11: d | N11: =COUNT(B5:B16) -> 12 | O11: =C17 -> -5.7837101 | P11: =D17 -> 1.6169394 | Q11: =(N11*O12*P13+O11*N13*P12+N12*O13*P11)-(P11*O12*N13+O11*N12*P13+P12*O13*N11) -> 0.010984758
B12: ='Исходные данные'!B9 -> 0.545 | C12: ='Исходные данные'!G9 -> -0.43307662 | D12: ='Исходные данные'!H9 -> -0.052582892 | E12: =C12*C12 -> 0.18755536 | F12: =D12*D12 -> 0.0027649605 | G12: =C12*D12 -> 0.022772421 | H12: =B12*C12 -> -0.23602676 | I12: =B12*D12 -> -0.028657676 | J12: =$M$16+$N$16*C12+$O$16*D12 -> -0.4552918 | K12: =(B12-J12)*(B12-J12) -> 1.0005837 | N12: =C17 -> -5.7837101 | O12: =E17 -> 2.7961381 | P12: =G17 -> -0.77482033
B13: ='Исходные данные'!B10 -> 0.894 | C13: ='Исходные данные'!G10 -> -0.48401121 | D13: ='Исходные данные'!H10 -> 0.19762442 | E13: =C13*C13 -> 0.23426685 | F13: =D13*D13 -> 0.039055411 | G13: =C13*D13 -> -0.095652435 | H13: =B13*C13 -> -0.43270602 | I13: =B13*D13 -> 0.17667623 | J13: =$M$16+$N$16*C13+$O$16*D13 -> -0.23704403 | K13: =(B13-J13)*(B13-J13) -> 1.2792606 | N13: =D17 -> 1.6169394 | O13: =G17 -> -0.77482033 | P13: =F17 -> 0.32757587
B14: ='Исходные данные'!B11 -> 0.9 | C14: ='Исходные данные'!G11 -> -0.45396984 | D14: ='Исходные данные'!H11 -> 0.20197991 | E14: =C14*C14 -> 0.20608861 | F14: =D14*D14 -> 0.040795886 | G14: =C14*D14 -> -0.091692789 | H14: =B14*C14 -> -0.40857285 | I14: =B14*D14 -> 0.18178192 | J14: =$M$16+$N$16*C14+$O$16*D14 -> -0.19605334 | K14: =(B14-J14)*(B14-J14) -> 1.2013329
B15: ='Исходные данные'!B12 -> 0.932 | C15: ='Исходные данные'!G12 -> -0.47833008 | D15: ='Исходные данные'!H12 -> 0.21523617 | E15: =C15*C15 -> 0.22879967 | F15: =D15*D15 -> 0.046326611 | G15: =C15*D15 -> -0.10295394 | H15: =B15*C15 -> -0.44580363 | I15: =B15*D15 -> 0.20060011 | J15: =$M$16+$N$16*C15+$O$16*D15 -> -0.2105389 | K15: =(B15-J15)*(B15-J15) -> 1.3053951 | M15: k0 | N15: k1 | O15: k2 | P15: o12
B16: ='Исходные данные'!B13 -> 0.74 | C16: ='Исходные данные'!G13 -> -0.51380244 | D16: ='Исходные данные'!H13 -> -0.031638387 | E16: =C16*C16 -> 0.26399294 | F16: =D16*D16 -> 0.0010009875 | G16: =C16*D16 -> 0.01625588 | H16: =B16*C16 -> -0.3802138 | I16: =B16*D16 -> -0.023412406 | J16: =$M$16+$N$16*C16+$O$16*D16 -> -0.52896978 | K16: =(B16-J16)*(B16-J16) -> 1.6102843 | M16: =Q2/Q11 -> 0.1242295 | N16: =Q5/Q11 -> 1.202519 | O16: =Q8/Q11 -> 1.117064 | P16: =K17/COUNT(B5:B16) -> 1.3486805
A17: S | B17: =SUM(B5:B16) -> 10.252 | C17: =SUM(C5:C16) -> -5.7837101 | D17: =SUM(D5:D16) -> 1.6169394 | E17: =SUM(E5:E16) -> 2.7961381 | F17: =SUM(F5:F16) -> 0.32757587 | G17: =SUM(G5:G16) -> -0.77482033 | H17: =SUM(H5:H16) -> -4.9464404 | I17: =SUM(I5:I16) -> 1.4985309 | ... K17: =SUM(K5:K16) -> 16.184166
A19: 2
B20: Исходные данные | E20: Вспомогательные расчеты | M20: dk0 | N20: =C35 -> -5.7837101 | O20: =D35 -> 18.176029 | P20: =B35 -> 10.252 | Q20: =(N20*O21*P22+O20*N22*P21+N21*O22*P20)-(P20*O21*N22+O20*N21*P22+P21*O22*N20) -> 0.0052984139
E21: Расчет параметров | J21: Расчет ошибки(s) | N21: =E35 -> 2.7961381 | O21: =G35 -> -8.762992 | P21: =H35 -> -4.9464404
B22: y | C22: y12 | D22: y23 | E22: x12 | F22: x32 | G22: x1*x3 | H22: y*x1 | I22: y*x3 | J22: y13=k0+k1*x1+k2*x3 | K22: (y - y13)2 | N22: =G35 -> -8.762992 | O22: =F35 -> 27.56148 | P22: =I35 -> 15.504414
B23: ='Исходные данные'!B2 -> 0.904 | C23: ='Исходные данные'!G2 -> -0.50184039 | D23: ='Исходные данные'!I2 -> 1.5763812 | E23: =C23*C23 -> 0.25184377 | F23: =D23*D23 -> 2.4849778 | G23: =C23*D23 -> -0.79109177 | H23: =B23*C23 -> -0.45366371 | I23: =B23*D23 -> 1.4250486 | J23: =$M$34+$N$34*C23+$O$34*D23 -> -0.054523147 | K23: =(B23-J23)*(B23-J23) -> 0.91876662 | M23: dk1 | N23: =COUNT(B23:B34) -> 12 | O23: =D35 -> 18.176029 | P23: =B35 -> 10.252 | Q23: =(N23*O24*P25+O23*N25*P24+N24*O25*P23)-(P23*O24*N25+O23*N24*P25+P24*O25*N23) -> 0.0026752104
B24: ='Исходные данные'!B3 -> 0.922 | C24: ='Исходные данные'!G3 -> -0.49662111 | D24: ='Исходные данные'!I3 -> 1.5217824 | E24: =C24*C24 -> 0.24663252 | F24: =D24*D24 -> 2.3158217 | G24: =C24*D24 -> -0.75574927 | H24: =B24*C24 -> -0.45788466 | I24: =B24*D24 -> 1.4030834 | J24: =$M$34+$N$34*C24+$O$34*D24 -> -0.0035120489 | K24: =(B24-J24)*(B24-J24) -> 0.85657255 | N24: =C35 -> -5.7837101 | O24: =G35 -> -8.762992 | P24: =H35 -> -4.9464404
B25: ='Исходные данные'!B4 -> 0.763 | C25: ='Исходные данные'!G4 -> -0.53132691 | D25: ='Исходные данные'!I4 -> 1.5836156 | E25: =C25*C25 -> 0.28230829 | F25: =D25*D25 -> 2.5078382 | G25: =C25*D25 -> -0.84141756 | H25: =B25*C25 -> -0.40540243 | I25: =B25*D25 -> 1.2082987 | J25: =$M$34+$N$34*C25+$O$34*D25 -> -0.086345847 | K25: =(B25-J25)*(B25-J25) -> 0.72138837 | N25: =D35 -> 18.176029 | O25: =F35 -> 27.56148 | P25: =I35 -> 15.504414
B26: ='Исходные данные'!B5 -> 0.923 | C26: ='Исходные данные'!G5 -> -0.45326745 | D26: ='Исходные данные'!I5 -> 1.4601168 | E26: =C26*C26 -> 0.20545138 | F26: =D26*D26 -> 2.131941 | G26: =C26*D26 -> -0.6618234 | H26: =B26*C26 -> -0.41836585 | I26: =B26*D26 -> 1.3476878 | J26: =$M$34+$N$34*C26+$O$34*D26 -> 0.086706491 | K26: =(B26-J26)*(B26-J26) -> 0.69938683 | M26: dk2 | N26: =COUNT(B23:B34) -> 12 | O26: =C35 -> -5.7837101 | P26: =B35 -> 10.252 | Q26: =(N26*O27*P28+O26*N28*P27+N27*O28*P26)-(P26*O27*N28+O26*N27*P28+P27*O28*N26) -> -0.0026157761
B27: ='Исходные данные'!B6 -> 0.918 | C27: ='Исходные данные'!G6 -> -0.49353039 | D27: ='Исходные данные'!I6 -> 1.4292932 | E27: =C27*C27 -> 0.24357225 | F27: =D27*D27 -> 2.0428791 | G27: =C27*D27 -> -0.70539964 | H27: =B27*C27 -> -0.4530609 | I27: =B27*D27 -> 1.3120912 | J27: =$M$34+$N$34*C27+$O$34*D27 -> 0.077894167 | K27: =(B27-J27)*(B27-J27) -> 0.70577781 | N27: =C35 -> -5.7837101 | O27: =E35 -> 2.7961381 | P27: =H35 -> -4.9464404
B28: ='Исходные данные'!B7 -> 0.906 | C28: ='Исходные данные'!G7 -> -0.47974448 | D28: ='Исходные данные'!I7 -> 1.5321481 | E28: =C28*C28 -> 0.23015476 | F28: =D28*D28 -> 2.3474778 | G28: =C28*D28 -> -0.73503959 | H28: =B28*C28 -> -0.43464849 | I28: =B28*D28 -> 1.3881262 | J28: =$M$34+$N$34*C28+$O$34*D28 -> 0.0023556618 | K28: =(B28-J28)*(B28-J28) -> 0.81657309 | N28: =D35 -> 18.176029 | O28: =G35 -> -8.762992 | P28: =I35 -> 15.504414
B29: ='Исходные данные'!B8 -> 0.905 | C29: ='Исходные данные'!G8 -> -0.46418924 | D29: ='Исходные данные'!I8 -> 1.5050352 | E29: =C29*C29 -> 0.21547165 | F29: =D29*D29 -> 2.265131 | G29: =C29*D29 -> -0.69862116 | H29: =B29*C29 -> -0.42009127 | I29: =B29*D29 -> 1.3620569 | J29: =$M$34+$N$34*C29+$O$34*D29 -> 0.038970589 | K29: =(B29-J29)*(B29-J29) -> 0.75000694 | M29: d | N29: =COUNT(B23:B34) -> 12 | O29: =C35 -> -5.7837101 | P29: =D35 -> 18.176029 | Q29: =(N29*O30*P31+O29*N31*P30+N30*O31*P29)-(P29*O30*N31+O29*N30*P31+P30*O31*N29) -> 0.0030734673
B30: ='Исходные данные'!B9 -> 0.545 | C30: ='Исходные данные'!G9 -> -0.43307662 | D30: ='Исходные данные'!I9 -> 1.5738575 | E30: =C30*C30 -> 0.18755536 | F30: =D30*D30 -> 2.4770273 | G30: =C30*D30 -> -0.68160087 | H30: =B30*C30 -> -0.23602676 | I30: =B30*D30 -> 0.85775232 | J30: =$M$34+$N$34*C30+$O$34*D30 -> 0.0074782087 | K30: =(B30-J30)*(B30-J30) -> 0.28892968 | N30: =C35 -> -5.7837101 | O30: =E35 -> 2.7961381 | P30: =G35 -> -8.762992
B31: ='Исходные данные'!B10 -> 0.894 | C31: ='Исходные данные'!G10 -> -0.48401121 | D31: ='Исходные данные'!I10 -> 1.5052186 | E31: =C31*C31 -> 0.23426685 | F31: =D31*D31 -> 2.2656829 | G31: =C31*D31 -> -0.72854266 | H31: =B31*C31 -> -0.43270602 | I31: =B31*D31 -> 1.3456654 | J31: =$M$34+$N$34*C31+$O$34*D31 -> 0.021561085 | K31: =(B31-J31)*(B31-J31) -> 0.76114966 | N31: =D35 -> 18.176029 | O31: =G35 -> -8.762992 | P31: =F35 -> 27.56148
B32: ='Исходные данные'!B11 -> 0.9 | C32: ='Исходные данные'!G11 -> -0.45396984 | D32: ='Исходные данные'!I11 -> 1.4552752 | E32: =C32*C32 -> 0.20608861 | F32: =D32*D32 -> 2.117826 | G32: =C32*D32 -> -0.66065106 | H32: =B32*C32 -> -0.40857285 | I32: =B32*D32 -> 1.3097477 | J32: =$M$34+$N$34*C32+$O$34*D32 -> 0.090215666 | K32: =(B32-J32)*(B32-J32) -> 0.65575067
B33: ='Исходные данные'!B12 -> 0.932 | C33: ='Исходные данные'!G12 -> -0.47833008 | D33: ='Исходные данные'!I12 -> 1.5635964 | E33: =C33*C33 -> 0.22879967 | F33: =D33*D33 -> 2.4448336 | G33: =C33*D33 -> -0.74791517 | H33: =B33*C33 -> -0.44580363 | I33: =B33*D33 -> 1.4572718 | J33: =$M$34+$N$34*C33+$O$34*D33 -> -0.023178286 | K33: =(B33-J33)*(B33-J33) -> 0.91236556 | M33: k0 | N33: k1 | O33: k2 | P33: o12
B34: ='Исходные данные'!B13 -> 0.74 | C34: ='Исходные данные'!G13 -> -0.51380244 | D34: ='Исходные данные'!I13 -> 1.4697085 | E34: =C34*C34 -> 0.26399294 | F34: =D34*D34 -> 2.1600431 | G34: =C34*D34 -> -0.75513981 | H34: =B34*C34 -> -0.3802138 | I34: =B34*D34 -> 1.0875843 | J34: =$M$34+$N$34*C34+$O$34*D34 -> 0.025852187 | K34: =(B34-J34)*(B34-J34) -> 0.5100071 | M34: =Q20/Q29 -> 1.7239207 | N34: =Q23/Q29 -> 0.87042098 | O34: =Q26/Q29 -> -0.85108311 | P34: =K35/COUNT(B23:B34) -> 0.71638957
A35: S | B35: =SUM(B23:B34) -> 10.252 | C35: =SUM(C23:C34) -> -5.7837101 | D35: =SUM(D23:D34) -> 18.176029 | E35: =SUM(E23:E34) -> 2.7961381 | F35: =SUM(F23:F34) -> 27.56148 | G35: =SUM(G23:G34) -> -8.762992 | H35: =SUM(H23:H34) -> -4.9464404 | I35: =SUM(I23:I34) -> 15.504414 | ... K35: =SUM(K23:K34) -> 8.5966749
A37: 3
B38: Исходные данные | E38: Вспомогательные расчеты | M38: dk0 | N38: =C53 -> -5.7837101 | O38: =D53 -> 10.829611 | P38: =B53 -> 10.252 | Q38: =(N38*O39*P40+O38*N40*P39+N39*O40*P38)-(P38*O39*N40+O38*N39*P40+P39*O40*N38) -> -0.0054494913
E39: Расчет параметров | J39: Расчет ошибки(s) | N39: =E53 -> 2.7961381 | O39: =G53 -> -5.218977 | P39: =H53 -> -4.9464404
B40: y | C40: y12 | D40: y24 | E40: x12 | F40: x42 | G40: x1*x4 | H40: y*x1 | I40: y*x4 | J40: y14=k0+k1*x1+k2*x4 | K40: (y - y14)2 | N40: =G53 -> -5.218977 | O40: =F53 -> 9.90322 | P40: =I53 -> 9.3858035
B41: ='Исходные данные'!B2 -> 0.904 | C41: ='Исходные данные'!G2 -> -0.50184039 | D41: ='Исходные данные'!J2 -> 0.95524398 | E41: =C41*C41 -> 0.25184377 | F41: =D41*D41 -> 0.91249106 | G41: =C41*D41 -> -0.47938001 | H41: =B41*C41 -> -0.45366371 | I41: =B41*D41 -> 0.86354056 | J41: =$M$52+$N$52*C41+$O$52*D41 -> 0.23077595 | K41: =(B41-J41)*(B41-J41) -> 0.45323062 | M41: dk1 | N41: =COUNT(B41:B52) -> 12 | O41: =D53 -> 10.829611 | P41: =B53 -> 10.252 | Q41: =(N41*O42*P43+O41*N43*P42+N42*O43*P41)-(P41*O42*N43+O41*N42*P43+P42*O43*N41) -> 0.0091568547
B42: ='Исходные данные'!B3 -> 0.922 | C42: ='Исходные данные'!G3 -> -0.49662111 | D42: ='Исходные данные'!J3 -> 0.97585181 | E42: =C42*C42 -> 0.24663252 | F42: =D42*D42 -> 0.95228676 | G42: =C42*D42 -> -0.48462861 | H42: =B42*C42 -> -0.45788466 | I42: =B42*D42 -> 0.89973537 | J42: =$M$52+$N$52*C42+$O$52*D42 -> 0.25566279 | K42: =(B42-J42)*(B42-J42) -> 0.44400528 | N42: =C53 -> -5.7837101 | O42: =G53 -> -5.218977 | P42: =H53 -> -4.9464404
B43: ='Исходные данные'!B4 -> 0.763 | C43: ='Исходные данные'!G4 -> -0.53132691 | D43: ='Исходные данные'!J4 -> 0.77191977 | E43: =C43*C43 -> 0.28230829 | F43: =D43*D43 -> 0.59586013 | G43: =C43*D43 -> -0.41014175 | H43: =B43*C43 -> -0.40540243 | I43: =B43*D43 -> 0.58897478 | J43: =$M$52+$N$52*C43+$O$52*D43 -> 0.021064304 | K43: =(B43-J43)*(B43-J43) -> 0.55046858 | N43: =D53 -> 10.829611 | O43: =F53 -> 9.90322 | P43: =I53 -> 9.3858035
B44: ='Исходные данные'!B5 -> 0.923 | C44: ='Исходные данные'!G5 -> -0.45326745 | D44: ='Исходные данные'!J5 -> 0.95081605 | E44: =C44*C44 -> 0.20545138 | F44: =D44*D44 -> 0.90405117 | G44: =C44*D44 -> -0.43097397 | H44: =B44*C44 -> -0.41836585 | I44: =B44*D44 -> 0.87760322 | J44: =$M$52+$N$52*C44+$O$52*D44 -> 0.25967967 | K44: =(B44-J44)*(B44-J44) -> 0.43999386 | M44: dk2 | N44: =COUNT(B41:B52) -> 12 | O44: =C53 -> -5.7837101 | P44: =B53 -> 10.252 | Q44: =(N44*O45*P46+O44*N46*P45+N45*O46*P44)-(P44*O45*N46+O44*N45*P46+P45*O46*N44) -> 0.013725035
B45: ='Исходные данные'!B6 -> 0.918 | C45: ='Исходные данные'!G6 -> -0.49353039 | D45: ='Исходные данные'!J6 -> 0.94862988 | E45: =C45*C45 -> 0.24357225 | F45: =D45*D45 -> 0.89989865 | G45: =C45*D45 -> -0.46817767 | H45: =B45*C45 -> -0.4530609 | I45: =B45*D45 -> 0.87084223 | J45: =$M$52+$N$52*C45+$O$52*D45 -> 0.22967059 | K45: =(B45-J45)*(B45-J45) -> 0.47379738 | N45: =C53 -> -5.7837101 | O45: =E53 -> 2.7961381 | P45: =H53 -> -4.9464404
B46: ='Исходные данные'!B7 -> 0.906 | C46: ='Исходные данные'!G7 -> -0.47974448 | D46: ='Исходные данные'!J7 -> 0.9561089 | E46: =C46*C46 -> 0.23015476 | F46: =D46*D46 -> 0.91414423 | G46: =C46*D46 -> -0.45868796 | H46: =B46*C46 -> -0.43464849 | I46: =B46*D46 -> 0.86623467 | J46: =$M$52+$N$52*C46+$O$52*D46 -> 0.24689874 | K46: =(B46-J46)*(B46-J46) -> 0.43441448 | N46: =D53 -> 10.829611 | O46: =G53 -> -5.218977 | P46: =I53 -> 9.3858035
B47: ='Исходные данные'!B8 -> 0.905 | C47: ='Исходные данные'!G8 -> -0.46418924 | D47: ='Исходные данные'!J8 -> 0.92338787 | E47: =C47*C47 -> 0.21547165 | F47: =D47*D47 -> 0.85264515 | G47: =C47*D47 -> -0.42862672 | H47: =B47*C47 -> -0.42009127 | I47: =B47*D47 -> 0.83566602 | J47: =$M$52+$N$52*C47+$O$52*D47 -> 0.22381649 | K47: =(B47-J47)*(B47-J47) -> 0.46401097 | M47: d | N47: =COUNT(B41:B52) -> 12 | O47: =C53 -> -5.7837101 | P47: =D53 -> 10.829611 | Q47: =(N47*O48*P49+O47*N49*P48+N48*O49*P47)-(P47*O48*N49+O47*N48*P49+P48*O49*N47) -> 0.013285552
B48: ='Исходные данные'!B9 -> 0.545 | C48: ='Исходные данные'!G9 -> -0.43307662 | D48: ='Исходные данные'!J9 -> 0.66100475 | E48: =C48*C48 -> 0.18755536 | F48: =D48*D48 -> 0.43692727 | G48: =C48*D48 -> -0.2862657 | H48: =B48*C48 -> -0.23602676 | I48: =B48*D48 -> 0.36024759 | J48: =$M$52+$N$52*C48+$O$52*D48 -> -0.025802313 | K48: =(B48-J48)*(B48-J48) -> 0.32581528 | N48: =C53 -> -5.7837101 | O48: =E53 -> 2.7961381 | P48: =G53 -> -5.218977
B49: ='Исходные данные'!B10 -> 0.894 | C49: ='Исходные данные'!G10 -> -0.48401121 | D49: ='Исходные данные'!J10 -> 0.97049947 | E49: =C49*C49 -> 0.23426685 | F49: =D49*D49 -> 0.94186923 | G49: =C49*D49 -> -0.46973263 | H49: =B49*C49 -> -0.43270602 | I49: =B49*D49 -> 0.86762653 | J49: =$M$52+$N$52*C49+$O$52*D49 -> 0.25882456 | K49: =(B49-J49)*(B49-J49) -> 0.40344784 | N49: =D53 -> 10.829611 | O49: =G53 -> -5.218977 | P49: =F53 -> 9.90322
B50: ='Исходные данные'!B11 -> 0.9 | C50: ='Исходные данные'!G11 -> -0.45396984 | D50: ='Исходные данные'!J11 -> 0.97090415 | E50: =C50*C50 -> 0.20608861 | F50: =D50*D50 -> 0.94265487 | G50: =C50*D50 -> -0.4407612 | H50: =B50*C50 -> -0.40857285 | I50: =B50*D50 -> 0.87381373 | J50: =$M$52+$N$52*C50+$O$52*D50 -> 0.27994816 | K50: =(B50-J50)*(B50-J50) -> 0.38446428
B51: ='Исходные данные'!B12 -> 0.932 | C51: ='Исходные данные'!G12 -> -0.47833008 | D51: ='Исходные данные'!J12 -> 0.98978213 | E51: =C51*C51 -> 0.22879967 | F51: =D51*D51 -> 0.97966867 | G51: =C51*D51 -> -0.47344257 | H51: =B51*C51 -> -0.44580363 | I51: =B51*D51 -> 0.92247695 | J51: =$M$52+$N$52*C51+$O$52*D51 -> 0.28266072 | K51: =(B51-J51)*(B51-J51) -> 0.4216415 | M51: k0 | N51: k1 | O51: k2 | P51: o12
B52: ='Исходные данные'!B13 -> 0.74 | C52: ='Исходные данные'!G13 -> -0.51380244 | D52: ='Исходные данные'!J13 -> 0.755462 | E52: =C52*C52 -> 0.26399294 | F52: =D52*D52 -> 0.57072283 | G52: =C52*D52 -> -0.38815822 | H52: =B52*C52 -> -0.3802138 | I52: =B52*D52 -> 0.55904188 | J52: =$M$52+$N$52*C52+$O$52*D52 -> 0.01614058 | K52: =(B52-J52)*(B52-J52) -> 0.52397246 | M52: =Q38/Q47 -> -0.41018178 | N52: =Q41/Q47 -> 0.68923404 | O52: =Q44/Q47 -> 1.0330797 | P52: =K53/COUNT(B41:B52) -> 0.44327188
A53: S | B53: =SUM(B41:B52) -> 10.252 | C53: =SUM(C41:C52) -> -5.7837101 | D53: =SUM(D41:D52) -> 10.829611 | E53: =SUM(E41:E52) -> 2.7961381 | F53: =SUM(F41:F52) -> 9.90322 | G53: =SUM(G41:G52) -> -5.218977 | H53: =SUM(H41:H52) -> -4.9464404 | I53: =SUM(I41:I52) -> 9.3858035 | ... K53: =SUM(K41:K52) -> 5.3192625
A55: 4
B56: Исходные данные | E56: Вспомогательные расчеты | M56: dk0 | N56: =C71 -> -5.7837101 | O56: =D71 -> 10.313075 | P56: =B71 -> 10.252 | Q56: =(N56*O57*P58+O56*N58*P57+N57*O58*P56)-(P56*O57*N58+O56*N57*P58+P57*O58*N56) -> -0.0049504447
E57: Расчет параметров | J57: Расчет ошибки(s) | N57: =E71 -> 2.7961381 | O57: =G71 -> -4.9697431 | P57: =H71 -> -4.9464404
B58: y | C58: y12 | D58: y34 | E58: x22 | F58: x32 | G58: x2*x3 | H58: y*x2 | I58: y*x3 | J58: y23=k0+k1*x2+k2*x3 | K58: (y - y23)2 | N58: =G71 -> -4.9697431 | O58: =F71 -> 9.0066413 | P58: =I71 -> 8.9512827
B59: ='Исходные данные'!B2 -> 0.904 | C59: ='Исходные данные'!G2 -> -0.50184039 | D59: ='Исходные данные'!K2 -> 0.90746343 | E59: =C59*C59 -> 0.25184377 | F59: =D59*D59 -> 0.82348988 | G59: =C59*D59 -> -0.4554018 | H59: =B59*C59 -> -0.45366371 | I59: =B59*D59 -> 0.82034694 | J59: =$M$70+$N$70*C59+$O$70*D59 -> 0.19572004 | K59: =(B59-J59)*(B59-J59) -> 0.5016605 | M59: dk1 | N59: =COUNT(B59:B70) -> 12 | O59: =D71 -> 10.313075 | P59: =B71 -> 10.252 | Q59: =(N59*O60*P61+O59*N61*P60+N60*O61*P59)-(P59*O60*N61+O59*N60*P61+P60*O61*N59) -> 0.010520483
B60: ='Исходные данные'!B3 -> 0.922 | C60: ='Исходные данные'!G3 -> -0.49662111 | D60: ='Исходные данные'!K3 -> 0.93243739 | E60: =C60*C60 -> 0.24663252 | F60: =D60*D60 -> 0.86943948 | G60: =C60*D60 -> -0.46306809 | H60: =B60*C60 -> -0.45788466 | I60: =B60*D60 -> 0.85970727 | J60: =$M$70+$N$70*C60+$O$70*D60 -> 0.22405288 | K60: =(B60-J60)*(B60-J60) -> 0.48713018 | N60: =C71 -> -5.7837101 | O60: =G71 -> -4.9697431 | P60: =H71 -> -4.9464404
B61: ='Исходные данные'!B4 -> 0.763 | C61: ='Исходные данные'!G4 -> -0.53132691 | D61: ='Исходные данные'!K4 -> 0.71886291 | E61: =C61*C61 -> 0.28230829 | F61: =D61*D61 -> 0.51676389 | G61: =C61*D61 -> -0.38195121 | H61: =B61*C61 -> -0.40540243 | I61: =B61*D61 -> 0.5484924 | J61: =$M$70+$N$70*C61+$O$70*D61 -> -0.011122178 | K61: =(B61-J61)*(B61-J61) -> 0.59926515 | N61: =D71 -> 10.313075 | O61: =F71 -> 9.0066413 | P61: =I71 -> 8.9512827
B62: ='Исходные данные'!B5 -> 0.923 | C62: ='Исходные данные'!G5 -> -0.45326745 | D62: ='Исходные данные'!K5 -> 0.9117444 | E62: =C62*C62 -> 0.20545138 | F62: =D62*D62 -> 0.83127785 | G62: =C62*D62 -> -0.41326406 | H62: =B62*C62 -> -0.41836585 | I62: =B62*D62 -> 0.84154008 | J62: =$M$70+$N$70*C62+$O$70*D62 -> 0.23478705 | K62: =(B62-J62)*(B62-J62) -> 0.47363706 | M62: dk2 | N62: =COUNT(B59:B70) -> 12 | O62: =C71 -> -5.7837101 | P62: =B71 -> 10.252 | Q62: =(N62*O63*P64+O62*N64*P63+N63*O64*P62)-(P62*O63*N64+O62*N63*P64+P63*O64*N62) -> 0.014435554
B63: ='Исходные данные'!B6 -> 0.918 | C63: ='Исходные данные'!G6 -> -0.49353039 | D63: ='Исходные данные'!K6 -> 0.91160314 | E63: =C63*C63 -> 0.24357225 | F63: =D63*D63 -> 0.83102028 | G63: =C63*D63 -> -0.44990385 | H63: =B63*C63 -> -0.4530609 | I63: =B63*D63 -> 0.83685168 | J63: =$M$70+$N$70*C63+$O$70*D63 -> 0.20575837 | K63: =(B63-J63)*(B63-J63) -> 0.50728814 | N63: =C71 -> -5.7837101 | O63: =E71 -> 2.7961381 | P63: =H71 -> -4.9464404
B64: ='Исходные данные'!B7 -> 0.906 | C64: ='Исходные данные'!G7 -> -0.47974448 | D64: ='Исходные данные'!K7 -> 0.91164607 | E64: =C64*C64 -> 0.23015476 | F64: =D64*D64 -> 0.83109856 | G64: =C64*D64 -> -0.43735716 | H64: =B64*C64 -> -0.43464849 | I64: =B64*D64 -> 0.82595134 | J64: =$M$70+$N$70*C64+$O$70*D64 -> 0.21569236 | K64: =(B64-J64)*(B64-J64) -> 0.47652464 | N64: =D71 -> 10.313075 | O64: =G71 -> -4.9697431 | P64: =I71 -> 8.9512827
B65: ='Исходные данные'!B8 -> 0.905 | C65: ='Исходные данные'!G8 -> -0.46418924 | D65: ='Исходные данные'!K8 -> 0.88045194 | E65: =C65*C65 -> 0.21547165 | F65: =D65*D65 -> 0.77519561 | G65: =C65*D65 -> -0.40869632 | H65: =B65*C65 -> -0.42009127 | I65: =B65*D65 -> 0.796809 | J65: =$M$70+$N$70*C65+$O$70*D65 -> 0.19614169 | K65: =(B65-J65)*(B65-J65) -> 0.5024801 | M65: d | N65: =COUNT(B59:B70) -> 12 | O65: =C71 -> -5.7837101 | P65: =D71 -> 10.313075 | Q65: =(N65*O66*P67+O65*N67*P66+N66*O67*P65)-(P65*O66*N67+O65*N66*P67+P66*O67*N65) -> 0.014662217
B66: ='Исходные данные'!B9 -> 0.545 | C66: ='Исходные данные'!G9 -> -0.43307662 | D66: ='Исходные данные'!K9 -> 0.60545294 | E66: =C66*C66 -> 0.18755536 | F66: =D66*D66 -> 0.36657326 | G66: =C66*D66 -> -0.26220751 | H66: =B66*C66 -> -0.23602676 | I66: =B66*D66 -> 0.32997185 | J66: =$M$70+$N$70*C66+$O$70*D66 -> -0.052282072 | K66: =(B66-J66)*(B66-J66) -> 0.35674587 | N66: =C71 -> -5.7837101 | O66: =E71 -> 2.7961381 | P66: =G71 -> -4.9697431
B67: ='Исходные данные'!B10 -> 0.894 | C67: ='Исходные данные'!G10 -> -0.48401121 | D67: ='Исходные данные'!K10 -> 0.92838447 | E67: =C67*C67 -> 0.23426685 | F67: =D67*D67 -> 0.86189773 | G67: =C67*D67 -> -0.44934849 | H67: =B67*C67 -> -0.43270602 | I67: =B67*D67 -> 0.82997572 | J67: =$M$70+$N$70*C67+$O$70*D67 -> 0.22911052 | K67: =(B67-J67)*(B67-J67) -> 0.44207803 | N67: =D71 -> 10.313075 | O67: =G71 -> -4.9697431 | P67: =F71 -> 9.0066413
B68: ='Исходные данные'!B11 -> 0.9 | C68: ='Исходные данные'!G11 -> -0.45396984 | D68: ='Исходные данные'!K11 -> 0.9326696 | E68: =C68*C68 -> 0.20608861 | F68: =D68*D68 -> 0.86987258 | G68: =C68*D68 -> -0.42340387 | H68: =B68*C68 -> -0.40857285 | I68: =B68*D68 -> 0.83940264 | J68: =$M$70+$N$70*C68+$O$70*D68 -> 0.25488478 | K68: =(B68-J68)*(B68-J68) -> 0.41617364
B69: ='Исходные данные'!B12 -> 0.932 | C69: ='Исходные данные'!G12 -> -0.47833008 | D69: ='Исходные данные'!K12 -> 0.96191687 | E69: =C69*C69 -> 0.22879967 | F69: =D69*D69 -> 0.92528406 | G69: =C69*D69 -> -0.46011377 | H69: =B69*C69 -> -0.44580363 | I69: =B69*D69 -> 0.89650652 | J69: =$M$70+$N$70*C69+$O$70*D69 -> 0.26620088 | K69: =(B69-J69)*(B69-J69) -> 0.44328846 | M69: k0 | N69: k1 | O69: k2 | P69: o12
B70: ='Исходные данные'!B13 -> 0.74 | C70: ='Исходные данные'!G13 -> -0.51380244 | D70: ='Исходные данные'!K13 -> 0.71044224 | E70: =C70*C70 -> 0.26399294 | F70: =D70*D70 -> 0.50472817 | G70: =C70*D70 -> -0.36502695 | H70: =B70*C70 -> -0.3802138 | I70: =B70*D70 -> 0.52572726 | J70: =$M$70+$N$70*C70+$O$70*D70 -> -0.0068384588 | K70: =(B70-J70)*(B70-J70) -> 0.55776768 | M70: =Q56/Q65 -> -0.33763276 | N70: =Q59/Q65 -> 0.71752335 | O70: =Q62/Q65 -> 0.98454105 | P70: =K71/COUNT(B59:B70) -> 0.48033662
A71: S | B71: =SUM(B59:B70) -> 10.252 | C71: =SUM(C59:C70) -> -5.7837101 | D71: =SUM(D59:D70) -> 10.313075 | E71: =SUM(E59:E70) -> 2.7961381 | F71: =SUM(F59:F70) -> 9.0066413 | G71: =SUM(G59:G70) -> -4.9697431 | H71: =SUM(H59:H70) -> -4.9464404 | I71: =SUM(I59:I70) -> 8.9512827 | ... K71: =SUM(K59:K70) -> 5.7640395
A73: 5
B74: Исходные данные | E74: Вспомогательные расчеты | M74: dk0 | N74: =C89 -> 1.6169394 | O74: =D89 -> 18.176029 | P74: =B89 -> 10.252 | Q74: =(N74*O75*P76+O74*N76*P75+N75*O76*P74)-(P74*O75*N76+O74*N75*P76+P75*O76*N74) -> 0.047609709
E75: Расчет параметров | J75: Расчет ошибки(s) | N75: =E89 -> 0.32757587 | O75: =G89 -> 2.436084 | P75: =H89 -> 1.4985309
B76: y | C76: y14 | D76: y23 | E76: x22 | F76: x42 | G76: x2*x4 | H76: y*x2 | I76: y*x4 | J76: y24=k0+k1*x2+k2*x4 | K76: (y - y24)2 | N76: =G89 -> 2.436084 | O76: =F89 -> 27.56148 | P76: =I89 -> 15.504414
B77: ='Исходные данные'!B2 -> 0.904 | C77: ='Исходные данные'!H2 -> 0.19065838 | D77: ='Исходные данные'!I2 -> 1.5763812 | E77: =C77*C77 -> 0.036350617 | F77: =D77*D77 -> 2.4849778 | G77: =C77*D77 -> 0.30055029 | H77: =B77*C77 -> 0.17235517 | I77: =B77*D77 -> 1.4250486 | J77: =$M$88+$N$88*C77+$O$88*D77 -> 0.49900414 | K77: =(B77-J77)*(B77-J77) -> 0.16402165 | M77: dk1 | N77: =COUNT(B77:B88) -> 12 | O77: =D89 -> 18.176029 | P77: =B89 -> 10.252 | Q77: =(N77*O78*P79+O77*N79*P78+N78*O79*P77)-(P77*O78*N79+O77*N78*P79+P78*O79*N77) -> -0.039553331
B78: ='Исходные данные'!B3 -> 0.922 | C78: ='Исходные данные'!H3 -> 0.20012849 | D78: ='Исходные данные'!I3 -> 1.5217824 | E78: =C78*C78 -> 0.040051411 | F78: =D78*D78 -> 2.3158217 | G78: =C78*D78 -> 0.30455201 | H78: =B78*C78 -> 0.18451846 | I78: =B78*D78 -> 1.4030834 | J78: =$M$88+$N$88*C78+$O$88*D78 -> 0.50802532 | K78: =(B78-J78)*(B78-J78) -> 0.17137504 | N78: =C89 -> 1.6169394 | O78: =G89 -> 2.436084 | P78: =H89 -> 1.4985309
B79: ='Исходные данные'!B4 -> 0.763 | C79: ='Исходные данные'!H4 -> 0.0020668794 | D79: ='Исходные данные'!I4 -> 1.5836156 | E79: =C79*C79 -> 4.2719903e-06 | F79: =D79*D79 -> 2.5078382 | G79: =C79*D79 -> 0.0032731423 | H79: =B79*C79 -> 0.0015770289 | I79: =B79*D79 -> 1.2082987 | J79: =$M$88+$N$88*C79+$O$88*D79 -> 0.69017608 | K79: =(B79-J79)*(B79-J79) -> 0.005303323 | N79: =D89 -> 18.176029 | O79: =F89 -> 27.56148 | P79: =I89 -> 15.504414
B80: ='Исходные данные'!B5 -> 0.923 | C80: ='Исходные данные'!H5 -> 0.18436816 | D80: ='Исходные данные'!I5 -> 1.4601168 | E80: =C80*C80 -> 0.033991618 | F80: =D80*D80 -> 2.131941 | G80: =C80*D80 -> 0.26919904 | H80: =B80*C80 -> 0.17017181 | I80: =B80*D80 -> 1.3476878 | J80: =$M$88+$N$88*C80+$O$88*D80 -> 0.54538073 | K80: =(B80-J80)*(B80-J80) -> 0.14259631 | M80: dk2 | N80: =COUNT(B77:B88) -> 12 | O80: =C89 -> 1.6169394 | P80: =B89 -> 10.252 | Q80: =(N80*O81*P82+O80*N82*P81+N81*O82*P80)-(P80*O81*N82+O80*N81*P82+P81*O82*N80) -> -0.013224848
B81: ='Исходные данные'!B6 -> 0.918 | C81: ='Исходные данные'!H6 -> 0.15335674 | D81: ='Исходные данные'!I6 -> 1.4292932 | E81: =C81*C81 -> 0.023518289 | F81: =D81*D81 -> 2.0428791 | G81: =C81*D81 -> 0.21919175 | H81: =B81*C81 -> 0.14078149 | I81: =B81*D81 -> 1.3120912 | J81: =$M$88+$N$88*C81+$O$88*D81 -> 0.58780764 | K81: =(B81-J81)*(B81-J81) -> 0.10902699 | N81: =C89 -> 1.6169394 | O81: =E89 -> 0.32757587 | P81: =H89 -> 1.4985309
B82: ='Исходные данные'!B7 -> 0.906 | C82: ='Исходные данные'!H7 -> 0.19269959 | D82: ='Исходные данные'!I7 -> 1.5321481 | E82: =C82*C82 -> 0.03713313 | F82: =D82*D82 -> 2.3474778 | G82: =C82*D82 -> 0.29524431 | H82: =B82*C82 -> 0.17458582 | I82: =B82*D82 -> 1.3881262 | J82: =$M$88+$N$88*C82+$O$88*D82 -> 0.51209482 | K82: =(B82-J82)*(B82-J82) -> 0.15516129 | N82: =D89 -> 18.176029 | O82: =G89 -> 2.436084 | P82: =I89 -> 15.504414
B83: ='Исходные данные'!B8 -> 0.905 | C83: ='Исходные данные'!H8 -> 0.16304195 | D83: ='Исходные данные'!I8 -> 1.5050352 | E83: =C83*C83 -> 0.026582679 | F83: =D83*D83 -> 2.265131 | G83: =C83*D83 -> 0.24538388 | H83: =B83*C83 -> 0.14755297 | I83: =B83*D83 -> 1.3620569 | J83: =$M$88+$N$88*C83+$O$88*D83 -> 0.55185761 | K83: =(B83-J83)*(B83-J83) -> 0.12470955 | M83: d | N83: =COUNT(B77:B88) -> 12 | O83: =C89 -> 1.6169394 | P83: =D89 -> 18.176029 | Q83: =(N83*O84*P85+O83*N85*P84+N84*O85*P83)-(P83*O84*N85+O83*N84*P85+P84*O85*N83) -> 0.038518985
B84: ='Исходные данные'!B9 -> 0.545 | C84: ='Исходные данные'!H9 -> -0.052582892 | D84: ='Исходные данные'!I9 -> 1.5738575 | E84: =C84*C84 -> 0.0027649605 | F84: =D84*D84 -> 2.4770273 | G84: =C84*D84 -> -0.082757977 | H84: =B84*C84 -> -0.028657676 | I84: =B84*D84 -> 0.85775232 | J84: =$M$88+$N$88*C84+$O$88*D84 -> 0.74964363 | K84: =(B84-J84)*(B84-J84) -> 0.041879016 | N84: =C89 -> 1.6169394 | O84: =E89 -> 0.32757587 | P84: =G89 -> 2.436084
B85: ='Исходные данные'!B10 -> 0.894 | C85: ='Исходные данные'!H10 -> 0.19762442 | D85: ='Исходные данные'!I10 -> 1.5052186 | E85: =C85*C85 -> 0.039055411 | F85: =D85*D85 -> 2.2656829 | G85: =C85*D85 -> 0.29746795 | H85: =B85*C85 -> 0.17667623 | I85: =B85*D85 -> 1.3456654 | J85: =$M$88+$N$88*C85+$O$88*D85 -> 0.51628355 | K85: =(B85-J85)*(B85-J85) -> 0.14266972 | N85: =D89 -> 18.176029 | O85: =G89 -> 2.436084 | P85: =F89 -> 27.56148
B86: ='Исходные данные'!B11 -> 0.9 | C86: ='Исходные данные'!H11 -> 0.20197991 | D86: ='Исходные данные'!I11 -> 1.4552752 | E86: =C86*C86 -> 0.040795886 | F86: =D86*D86 -> 2.117826 | G86: =C86*D86 -> 0.29393636 | H86: =B86*C86 -> 0.18178192 | I86: =B86*D86 -> 1.3097477 | J86: =$M$88+$N$88*C86+$O$88*D86 -> 0.52895831 | K86: =(B86-J86)*(B86-J86) -> 0.13767194
B87: ='Исходные данные'!B12 -> 0.932 | C87: ='Исходные данные'!H12 -> 0.21523617 | D87: ='Исходные данные'!I12 -> 1.5635964 | E87: =C87*C87 -> 0.046326611 | F87: =D87*D87 -> 2.4448336 | G87: =C87*D87 -> 0.3365425 | H87: =B87*C87 -> 0.20060011 | I87: =B87*D87 -> 1.4572718 | J87: =$M$88+$N$88*C87+$O$88*D87 -> 0.47815583 | K87: =(B87-J87)*(B87-J87) -> 0.20597453 | M87: k0 | N87: k1 | O87: k2 | P87: o12
B88: ='Исходные данные'!B13 -> 0.74 | C88: ='Исходные данные'!H13 -> -0.031638387 | D88: ='Исходные данные'!I13 -> 1.4697085 | E88: =C88*C88 -> 0.0010009875 | F88: =D88*D88 -> 2.1600431 | G88: =C88*D88 -> -0.046499207 | H88: =B88*C88 -> -0.023412406 | I88: =B88*D88 -> 1.0875843 | J88: =$M$88+$N$88*C88+$O$88*D88 -> 0.76389451 | K88: =(B88-J88)*(B88-J88) -> 0.00057094757 | M88: =Q74/Q83 -> 1.2360063 | N88: =Q77/Q83 -> -1.0268529 | O88: =Q80/Q83 -> -0.34333325 | P88: =K89/COUNT(B77:B88) -> 0.11674669
A89: S | B89: =SUM(B77:B88) -> 10.252 | C89: =SUM(C77:C88) -> 1.6169394 | D89: =SUM(D77:D88) -> 18.176029 | E89: =SUM(E77:E88) -> 0.32757587 | F89: =SUM(F77:F88) -> 27.56148 | G89: =SUM(G77:G88) -> 2.436084 | H89: =SUM(H77:H88) -> 1.4985309 | I89: =SUM(I77:I88) -> 15.504414 | ... K89: =SUM(K77:K88) -> 1.4009603
A91: 6
B92: Исходные данные | E92: Вспомогательные расчеты | M92: dk0 | N92: =C107 -> 1.6169394 | O92: =D107 -> 10.829611 | P92: =B107 -> 10.252 | Q92: =(N92*O93*P94+O92*N94*P93+N93*O94*P92)-(P92*O93*N94+O92*N93*P94+P93*O94*N92) -> -0.0046203709
E93: Расчет параметров | J93: Расчет ошибки(s) | N93: =E107 -> 0.32757587 | O93: =G107 -> 1.5768635 | P93: =H107 -> 1.4985309
B94: y | C94: y14 | D94: y24 | E94: x32 | F94: x42 | G94: x3*x4 | H94: y*x3 | I94: y*x4 | J94: y34=k0+k1*x3+k2*x4 | K94: (y - y34)2 | N94: =G107 -> 1.5768635 | O94: =F107 -> 9.90322 | P94: =I107 -> 9.3858035
B95: ='Исходные данные'!B2 -> 0.904 | C95: ='Исходные данные'!H2 -> 0.19065838 | D95: ='Исходные данные'!J2 -> 0.95524398 | E95: =C95*C95 -> 0.036350617 | F95: =D95*D95 -> 0.91249106 | G95: =C95*D95 -> 0.18212527 | H95: =B95*C95 -> 0.17235517 | I95: =B95*D95 -> 0.86354056 | J95: =$M$106+$N$106*C95+$O$106*D95 -> 1.3834285 | K95: =(B95-J95)*(B95-J95) -> 0.22985167 | M95: dk1 | N95: =COUNT(B95:B106) -> 12 | O95: =D107 -> 10.829611 | P95: =B107 -> 10.252 | Q95: =(N95*O96*P97+O95*N97*P96+N96*O97*P95)-(P95*O96*N97+O95*N96*P97+P96*O97*N95) -> 0.0062292967
B96: ='Исходные данные'!B3 -> 0.922 | C96: ='Исходные данные'!H3 -> 0.20012849 | D96: ='Исходные данные'!J3 -> 0.97585181 | E96: =C96*C96 -> 0.040051411 | F96: =D96*D96 -> 0.95228676 | G96: =C96*D96 -> 0.19529574 | H96: =B96*C96 -> 0.18451846 | I96: =B96*D96 -> 0.89973537 | J96: =$M$106+$N$106*C96+$O$106*D96 -> 1.4404428 | K96: =(B96-J96)*(B96-J96) -> 0.2687829 | N96: =C107 -> 1.6169394 | O96: =G107 -> 1.5768635 | P96: =H107 -> 1.4985309
B97: ='Исходные данные'!B4 -> 0.763 | C97: ='Исходные данные'!H4 -> 0.0020668794 | D97: ='Исходные данные'!J4 -> 0.77191977 | E97: =C97*C97 -> 4.2719903e-06 | F97: =D97*D97 -> 0.59586013 | G97: =C97*D97 -> 0.001595465 | H97: =B97*C97 -> 0.0015770289 | I97: =B97*D97 -> 0.58897478 | J97: =$M$106+$N$106*C97+$O$106*D97 -> 0.74350219 | K97: =(B97-J97)*(B97-J97) -> 0.00038016478 | N97: =D107 -> 10.829611 | O97: =F107 -> 9.90322 | P97: =I107 -> 9.3858035
B98: ='Исходные данные'!B5 -> 0.923 | C98: ='Исходные данные'!H5 -> 0.18436816 | D98: ='Исходные данные'!J5 -> 0.95081605 | E98: =C98*C98 -> 0.033991618 | F98: =D98*D98 -> 0.90405117 | G98: =C98*D98 -> 0.17530021 | H98: =B98*C98 -> 0.17017181 | I98: =B98*D98 -> 0.87760322 | J98: =$M$106+$N$106*C98+$O$106*D98 -> 1.3657649 | K98: =(B98-J98)*(B98-J98) -> 0.19604075 | M98: dk2 | N98: =COUNT(B95:B106) -> 12 | O98: =C107 -> 1.6169394 | P98: =B107 -> 10.252 | Q98: =(N98*O99*P100+O98*N100*P99+N99*O100*P98)-(P98*O99*N100+O98*N99*P100+P99*O100*N98) -> 0.010685605
B99: ='Исходные данные'!B6 -> 0.918 | C99: ='Исходные данные'!H6 -> 0.15335674 | D99: ='Исходные данные'!J6 -> 0.94862988 | E99: =C99*C99 -> 0.023518289 | F99: =D99*D99 -> 0.89989865 | G99: =C99*D99 -> 0.14547878 | H99: =B99*C99 -> 0.14078149 | I99: =B99*D99 -> 0.87084223 | J99: =$M$106+$N$106*C99+$O$106*D99 -> 1.321546 | K99: =(B99-J99)*(B99-J99) -> 0.16284941 | N99: =C107 -> 1.6169394 | O99: =E107 -> 0.32757587 | P99: =H107 -> 1.4985309
B100: ='Исходные данные'!B7 -> 0.906 | C100: ='Исходные данные'!H7 -> 0.19269959 | D100: ='Исходные данные'!J7 -> 0.9561089 | E100: =C100*C100 -> 0.03713313 | F100: =D100*D100 -> 0.91414423 | G100: =C100*D100 -> 0.18424179 | H100: =B100*C100 -> 0.17458582 | I100: =B100*D100 -> 0.86623467 | J100: =$M$106+$N$106*C100+$O$106*D100 -> 1.3879123 | K100: =(B100-J100)*(B100-J100) -> 0.23223951 | N100: =D107 -> 10.829611 | O100: =G107 -> 1.5768635 | P100: =I107 -> 9.3858035
B101: ='Исходные данные'!B8 -> 0.905 | C101: ='Исходные данные'!H8 -> 0.16304195 | D101: ='Исходные данные'!J8 -> 0.92338787 | E101: =C101*C101 -> 0.026582679 | F101: =D101*D101 -> 0.85264515 | G101: =C101*D101 -> 0.15055096 | H101: =B101*C101 -> 0.14755297 | I101: =B101*D101 -> 0.83566602 | J101: =$M$106+$N$106*C101+$O$106*D101 -> 1.2787864 | K101: =(B101-J101)*(B101-J101) -> 0.13971629 | M101: d | N101: =COUNT(B95:B106) -> 12 | O101: =C107 -> 1.6169394 | P101: =D107 -> 10.829611 | Q101: =(N101*O102*P103+O101*N103*P102+N102*O103*P101)-(P101*O102*N103+O101*N102*P103+P102*O103*N101) -> 0.0048970055
B102: ='Исходные данные'!B9 -> 0.545 | C102: ='Исходные данные'!H9 -> -0.052582892 | D102: ='Исходные данные'!J9 -> 0.66100475 | E102: =C102*C102 -> 0.0027649605 | F102: =D102*D102 -> 0.43692727 | G102: =C102*D102 -> -0.034757541 | H102: =B102*C102 -> -0.028657676 | I102: =B102*D102 -> 0.36024759 | J102: =$M$106+$N$106*C102+$O$106*D102 -> 0.43196 | K102: =(B102-J102)*(B102-J102) -> 0.012778042 | N102: =C107 -> 1.6169394 | O102: =E107 -> 0.32757587 | P102: =G107 -> 1.5768635
B103: ='Исходные данные'!B10 -> 0.894 | C103: ='Исходные данные'!H10 -> 0.19762442 | D103: ='Исходные данные'!J10 -> 0.97049947 | E103: =C103*C103 -> 0.039055411 | F103: =D103*D103 -> 0.94186923 | G103: =C103*D103 -> 0.1917944 | H103: =B103*C103 -> 0.17667623 | I103: =B103*D103 -> 0.86762653 | J103: =$M$106+$N$106*C103+$O$106*D103 -> 1.4255783 | K103: =(B103-J103)*(B103-J103) -> 0.28257545 | N103: =D107 -> 10.829611 | O103: =G107 -> 1.5768635 | P103: =F107 -> 9.90322
B104: ='Исходные данные'!B11 -> 0.9 | C104: ='Исходные данные'!H11 -> 0.20197991 | D104: ='Исходные данные'!J11 -> 0.97090415 | E104: =C104*C104 -> 0.040795886 | F104: =D104*D104 -> 0.94265487 | G104: =C104*D104 -> 0.19610314 | H104: =B104*C104 -> 0.18178192 | I104: =B104*D104 -> 0.87381373 | J104: =$M$106+$N$106*C104+$O$106*D104 -> 1.4320018 | K104: =(B104-J104)*(B104-J104) -> 0.28302587
B105: ='Исходные данные'!B12 -> 0.932 | C105: ='Исходные данные'!H12 -> 0.21523617 | D105: ='Исходные данные'!J12 -> 0.98978213 | E105: =C105*C105 -> 0.046326611 | F105: =D105*D105 -> 0.97966867 | G105: =C105*D105 -> 0.21303692 | H105: =B105*C105 -> 0.20060011 | I105: =B105*D105 -> 0.92247695 | J105: =$M$106+$N$106*C105+$O$106*D105 -> 1.4900576 | K105: =(B105-J105)*(B105-J105) -> 0.31142831 | M105: k0 | N105: k1 | O105: k2 | P105: o12
...

Sheet Итог
B2: Уравнение | C2: Полученные | D2: Исходные
A3: 1 | B3: y= | C3: ='Уравнения регрессии 2 ряд'!$M$124+'Уравнения регрессии 2 ряд'!$N$124*('Уравнения регрессии 1 ряд'!$M$52+'Уравнения регрессии 1 ряд'!$N$52*'Уравнения регрессии 1 ряд'!C41+'Уравнения регрессии 1 ряд'!$O$52*'Уравнения регрессии 1 ряд'!D41)+'Уравнения регрессии 2 ряд'!$O$124*('Уравнения регрессии 1 ряд'!$M$106+'Уравнения регрессии 1 ряд'!$N$106*'Уравнения регрессии 1 ряд'!C95+'Уравнения регрессии 1 ряд'!$O$106*'Уравнения регрессии 1 ряд'!D95) -> 1.2413238 | D3: ='Исходные данные'!B2 -> 0.904 | E3: y
A4: 2 | C4: ='Уравнения регрессии 2 ряд'!$M$124+'Уравнения регрессии 2 ряд'!$N$124*('Уравнения регрессии 1 ряд'!$M$52+'Уравнения регрессии 1 ряд'!$N$52*'Уравнения регрессии 1 ряд'!C42+'Уравнения регрессии 1 ряд'!$O$52*'Уравнения регрессии 1 ряд'!D42)+'Уравнения регрессии 2 ряд'!$O$124*('Уравнения регрессии 1 ряд'!$M$106+'Уравнения регрессии 1 ряд'!$N$106*'Уравнения регрессии 1 ряд'!C96+'Уравнения регрессии 1 ряд'!$O$106*'Уравнения регрессии 1 ряд'!D96) -> 1.2944691 | D4: ='Исходные данные'!B3 -> 0.922
A5: 3 | C5: ='Уравнения регрессии 2 ряд'!$M$124+'Уравнения регрессии 2 ряд'!$N$124*('Уравнения регрессии 1 ряд'!$M$52+'Уравнения регрессии 1 ряд'!$N$52*'Уравнения регрессии 1 ряд'!C43+'Уравнения регрессии 1 ряд'!$O$52*'Уравнения регрессии 1 ряд'!D43)+'Уравнения регрессии 2 ряд'!$O$124*('Уравнения регрессии 1 ряд'!$M$106+'Уравнения регрессии 1 ряд'!$N$106*'Уравнения регрессии 1 ряд'!C97+'Уравнения регрессии 1 ряд'!$O$106*'Уравнения регрессии 1 ряд'!D97) -> 0.7314502 | D5: ='Исходные данные'!B4 -> 0.763
A6: 4 | C6: ='Уравнения регрессии 2 ряд'!$M$124+'Уравнения регрессии 2 ряд'!$N$124*('Уравнения регрессии 1 ряд'!$M$52+'Уравнения регрессии 1 ряд'!$N$52*'Уравнения регрессии 1 ряд'!C44+'Уравнения регрессии 1 ряд'!$O$52*'Уравнения регрессии 1 ряд'!D44)+'Уравнения регрессии 2 ряд'!$O$124*('Уравнения регрессии 1 ряд'!$M$106+'Уравнения регрессии 1 ряд'!$N$106*'Уравнения регрессии 1 ряд'!C98+'Уравнения регрессии 1 ряд'!$O$106*'Уравнения регрессии 1 ряд'!D98) -> 1.2430981 | D6: ='Исходные данные'!B5 -> 0.923
A7: 5 | C7: ='Уравнения регрессии 2 ряд'!$M$124+'Уравнения регрессии 2 ряд'!$N$124*('Уравнения регрессии 1 ряд'!$M$52+'Уравнения регрессии 1 ряд'!$N$52*'Уравнения регрессии 1 ряд'!C45+'Уравнения регрессии 1 ряд'!$O$52*'Уравнения регрессии 1 ряд'!D45)+'Уравнения регрессии 2 ряд'!$O$124*('Уравнения регрессии 1 ряд'!$M$106+'Уравнения регрессии 1 ряд'!$N$106*'Уравнения регрессии 1 ряд'!C99+'Уравнения регрессии 1 ряд'!$O$106*'Уравнения регрессии 1 ряд'!D99) -> 1.2140998 | D7: ='Исходные данные'!B6 -> 0.918
A8: 6 | C8: ='Уравнения регрессии 2 ряд'!$M$124+'Уравнения регрессии 2 ряд'!$N$124*('Уравнения регрессии 1 ряд'!$M$52+'Уравнения регрессии 1 ряд'!$N$52*'Уравнения регрессии 1 ряд'!C46+'Уравнения регрессии 1 ряд'!$O$52*'Уравнения регрессии 1 ряд'!D46)+'Уравнения регрессии 2 ряд'!$O$124*('Уравнения регрессии 1 ряд'!$M$106+'Уравнения регрессии 1 ряд'!$N$106*'Уравнения регрессии 1 ряд'!C100+'Уравнения регрессии 1 ряд'!$O$106*'Уравнения регрессии 1 ряд'!D100) -> 1.2506465 | D8: ='Исходные данные'!B7 -> 0.906
A9: 7 | C9: ='Уравнения регрессии 2 ряд'!$M$124+'Уравнения регрессии 2 ряд'!$N$124*('Уравнения регрессии 1 ряд'!$M$52+'Уравнения регрессии 1 ряд'!$N$52*'Уравнения регрессии 1 ряд'!C47+'Уравнения регрессии 1 ряд'!$O$52*'Уравнения регрессии 1 ряд'!D47)+'Уравнения регрессии 2 ряд'!$O$124*('Уравнения регрессии 1 ряд'!$M$106+'Уравнения регрессии 1 ряд'!$N$106*'Уравнения регрессии 1 ряд'!C101+'Уравнения регрессии 1 ряд'!$O$106*'Уравнения регрессии 1 ряд'!D101) -> 1.1677374 | D9: ='Исходные данные'!B8 -> 0.905
A10: 8 | C10: ='Уравнения регрессии 2 ряд'!$M$124+'Уравнения регрессии 2 ряд'!$N$124*('Уравнения регрессии 1 ряд'!$M$52+'Уравнения регрессии 1 ряд'!$N$52*'Уравнения регрессии 1 ряд'!C48+'Уравнения регрессии 1 ряд'!$O$52*'Уравнения регрессии 1 ряд'!D48)+'Уравнения регрессии 2 ряд'!$O$124*('Уравнения регрессии 1 ряд'!$M$106+'Уравнения регрессии 1 ряд'!$N$106*'Уравнения регрессии 1 ряд'!C102+'Уравнения регрессии 1 ряд'!$O$106*'Уравнения регрессии 1 ряд'!D102) -> 0.47931623 | D10: ='Исходные данные'!B9 -> 0.545
A11: 9 | C11: ='Уравнения регрессии 2 ряд'!$M$124+'Уравнения регрессии 2 ряд'!$N$124*('Уравнения регрессии 1 ряд'!$M$52+'Уравнения регрессии 1 ряд'!$N$52*'Уравнения регрессии 1 ряд'!C49+'Уравнения регрессии 1 ряд'!$O$52*'Уравнения регрессии 1 ряд'!D49)+'Уравнения регрессии 2 ряд'!$O$124*('Уравнения регрессии 1 ряд'!$M$106+'Уравнения регрессии 1 ряд'!$N$106*'Уравнения регрессии 1 ряд'!C103+'Уравнения регрессии 1 ряд'!$O$106*'Уравнения регрессии 1 ряд'!D103) -> 1.2849478 | D11: ='Исходные данные'!B10 -> 0.894
A12: 10 | C12: ='Уравнения регрессии 2 ряд'!$M$124+'Уравнения регрессии 2 ряд'!$N$124*('Уравнения регрессии 1 ряд'!$M$52+'Уравнения регрессии 1 ряд'!$N$52*'Уравнения регрессии 1 ряд'!C50+'Уравнения регрессии 1 ряд'!$O$52*'Уравнения регрессии 1 ряд'!D50)+'Уравнения регрессии 2 ряд'!$O$124*('Уравнения регрессии 1 ряд'!$M$106+'Уравнения регрессии 1 ряд'!$N$106*'Уравнения регрессии 1 ряд'!C104+'Уравнения регрессии 1 ряд'!$O$106*'Уравнения регрессии 1 ряд'!D104) -> 1.2965979 | D12: ='Исходные данные'!B11 -> 0.9
A13: 11 | C13: ='Уравнения регрессии 2 ряд'!$M$124+'Уравнения регрессии 2 ряд'!$N$124*('Уравнения регрессии 1 ряд'!$M$52+'Уравнения регрессии 1 ряд'!$N$52*'Уравнения регрессии 1 ряд'!C51+'Уравнения регрессии 1 ряд'!$O$52*'Уравнения регрессии 1 ряд'!D51)+'Уравнения регрессии 2 ряд'!$O$124*('Уравнения регрессии 1 ряд'!$M$106+'Уравнения регрессии 1 ряд'!$N$106*'Уравнения регрессии 1 ряд'!C105+'Уравнения регрессии 1 ряд'!$O$106*'Уравнения регрессии 1 ряд'!D105) -> 1.3608444 | D13: ='Исходные данные'!B12 -> 0.932
A14: 12 | C14: ='Уравнения регрессии 2 ряд'!$M$124+'Уравнения регрессии 2 ряд'!$N$124*('Уравнения регрессии 1 ряд'!$M$52+'Уравнения регрессии 1 ряд'!$N$52*'Уравнения регрессии 1 ряд'!C52+'Уравнения регрессии 1 ряд'!$O$52*'Уравнения регрессии 1 ряд'!D52)+'Уравнения регрессии 2 ряд'!$O$124*('Уравнения регрессии 1 ряд'!$M$106+'Уравнения регрессии 1 ряд'!$N$106*'Уравнения регрессии 1 ряд'!C106+'Уравнения регрессии 1 ряд'!$O$106*'Уравнения регрессии 1 ряд'!D106) -> 0.68524628 | D14: ='Исходные данные'!B13 -> 0.74
